0.023506,-0.000561,0.785829,0.028412,-0.000112,0.999497,0.014057,0.072625,0.055359,0.048939,0.159721,-0.177025,-0.077370,0.080914,-0.075734,-0.139010,0.158495,-0.187755,0.071972,-0.069138,0.014520,0.158896,-0.074690,0.169341,-0.787394,1.050268,-0.053024,0.070423,-0.086622,-0.078648,-0.140643,0.638109,1.022954,-0.150429,0.136898,0.033202
0.023269,-0.000659,0.785822,0.028213,-0.000109,0.999502,0.014122,0.072559,0.055213,0.048921,0.159719,-0.177298,-0.077098,0.080818,-0.075857,-0.139094,0.158404,-0.187917,0.072007,-0.068995,0.015007,0.158677,-0.075360,0.169090,-0.787983,1.051232,-0.053428,0.070568,-0.086242,-0.079442,-0.140352,0.638544,1.022930,-0.152907,0.140856,0.033149
0.022945,-0.000831,0.785809,0.028161,0.000010,0.999507,0.013855,0.072891,0.054569,0.048633,0.159587,-0.177712,-0.076629,0.081245,-0.076500,-0.139214,0.158480,-0.188551,0.072334,-0.069137,0.015339,0.158653,-0.075986,0.168819,-0.787845,1.052476,-0.052866,0.070463,-0.085937,-0.080332,-0.140068,0.638615,1.024068,-0.151492,0.136347,0.034153
0.022617,-0.000998,0.785809,0.027914,0.000030,0.999516,0.013747,0.072914,0.054216,0.048392,0.159233,-0.177705,-0.076674,0.081379,-0.076891,-0.139613,0.158280,-0.188636,0.072678,-0.069155,0.016009,0.158505,-0.076873,0.168729,-0.788083,1.053190,-0.050948,0.071024,-0.086733,-0.081409,-0.139990,0.639198,1.024987,-0.152591,0.136678,0.033647
0.022301,-0.001094,0.785805,0.027349,0.000166,0.999534,0.013548,0.072135,0.053604,0.048161,0.158940,-0.177608,-0.076192,0.080866,-0.077478,-0.140226,0.157900,-0.188750,0.073169,-0.069680,0.016192,0.157843,-0.078002,0.168713,-0.788457,1.054044,-0.053564,0.071045,-0.085886,-0.082614,-0.139927,0.639747,1.025143,-0.153417,0.137587,0.034589
0.021950,-0.001195,0.785799,0.027455,0.000166,0.999537,0.013140,0.072680,0.053368,0.047613,0.159054,-0.178143,-0.076037,0.081741,-0.077717,-0.140815,0.158057,-0.189333,0.073049,-0.070083,0.016374,0.158233,-0.078945,0.168776,-0.788963,1.054894,-0.052944,0.071034,-0.087004,-0.083001,-0.139907,0.639908,1.024736,-0.153079,0.136755,0.034545
0.021582,-0.001300,0.785776,0.027147,0.000100,0.999543,0.013265,0.072730,0.053390,0.047751,0.158844,-0.178586,-0.075950,0.081621,-0.077673,-0.140513,0.157829,-0.189431,0.073195,-0.069232,0.016699,0.157939,-0.079521,0.168900,-0.788689,1.055131,-0.052657,0.070946,-0.087154,-0.083438,-0.139923,0.640277,1.025072,-0.154652,0.137295,0.034041
0.021211,-0.001357,0.785755,0.026728,0.000118,0.999552,0.013498,0.072549,0.053271,0.048295,0.158591,-0.178847,-0.075686,0.081305,-0.077780,-0.140332,0.157506,-0.189648,0.073447,-0.068747,0.016887,0.157521,-0.079913,0.168992,-0.788054,1.054845,-0.052871,0.071136,-0.087808,-0.084204,-0.139973,0.640718,1.025860,-0.151945,0.137618,0.034014
0.020835,-0.001371,0.785761,0.026605,0.000142,0.999555,0.013490,0.072815,0.053181,0.048210,0.158595,-0.179160,-0.075601,0.081580,-0.077830,-0.140236,0.157548,-0.190169,0.073356,-0.068797,0.016538,0.157755,-0.080514,0.169164,-0.788616,1.054967,-0.054731,0.070402,-0.086040,-0.084561,-0.139972,0.641734,1.026404,-0.151513,0.137169,0.033461
0.020465,-0.001408,0.785755,0.026257,0.000197,0.999562,0.013662,0.072750,0.053059,0.048651,0.158418,-0.179429,-0.075300,0.081398,-0.077962,-0.139880,0.157211,-0.190246,0.073817,-0.068212,0.016036,0.157456,-0.080981,0.169373,-0.789488,1.054786,-0.056529,0.070346,-0.085712,-0.084427,-0.139880,0.641987,1.026349,-0.153843,0.137861,0.033616
0.020026,-0.001359,0.785712,0.026145,0.000092,0.999564,0.013694,0.073218,0.053399,0.048692,0.158338,-0.180050,-0.075579,0.081828,-0.077636,-0.140156,0.157167,-0.190875,0.073289,-0.067632,0.015396,0.157355,-0.080999,0.169620,-0.789753,1.054924,-0.054466,0.070319,-0.086078,-0.083472,-0.139642,0.642646,1.025022,-0.154016,0.138719,0.033623
0.019580,-0.001336,0.785721,0.025766,0.000233,0.999576,0.013582,0.072959,0.052967,0.048276,0.158290,-0.180095,-0.075127,0.081868,-0.077986,-0.140277,0.156816,-0.191059,0.073942,-0.067697,0.014436,0.156825,-0.081046,0.169754,-0.789896,1.055312,-0.054382,0.070061,-0.086134,-0.083246,-0.139469,0.643016,1.024827,-0.152920,0.138282,0.033751
0.019251,-0.001343,0.785718,0.025332,0.000156,0.999585,0.013707,0.072790,0.053230,0.048838,0.157852,-0.180549,-0.075319,0.081356,-0.077784,-0.139881,0.156727,-0.191259,0.073696,-0.066789,0.013551,0.156344,-0.081087,0.169897,-0.789784,1.054950,-0.054448,0.070451,-0.086031,-0.083522,-0.139263,0.643769,1.025236,-0.151511,0.138762,0.033802
0.018865,-0.001297,0.785708,0.024901,0.000077,0.999593,0.013890,0.072482,0.053550,0.049039,0.157724,-0.180721,-0.075393,0.081066,-0.077432,-0.139810,0.156295,-0.191175,0.073803,-0.066635,0.012679,0.155838,-0.080750,0.170027,-0.789722,1.054246,-0.054296,0.071046,-0.085613,-0.084289,-0.139086,0.644499,1.026328,-0.147246,0.137366,0.034090
0.018575,-0.001297,0.785721,0.024420,0.000001,0.999601,0.014183,0.071953,0.053802,0.049658,0.157701,-0.181111,-0.075002,0.080271,-0.077152,-0.139498,0.156040,-0.190883,0.073779,-0.066204,0.011872,0.155820,-0.080935,0.170124,-0.789858,1.054217,-0.054292,0.070634,-0.085826,-0.085474,-0.139001,0.644951,1.026551,-0.153829,0.138110,0.033596
0.018411,-0.001329,0.785770,0.023895,-0.000175,0.999608,0.014588,0.071551,0.054284,0.050479,0.157070,-0.181213,-0.075465,0.079254,-0.076712,-0.138450,0.155674,-0.190232,0.073983,-0.065668,0.011101,0.155955,-0.081329,0.170191,-0.790397,1.054266,-0.054468,0.070648,-0.085490,-0.087122,-0.139047,0.645015,1.027216,-0.148285,0.135694,0.034192
0.018220,-0.001472,0.785837,0.023188,-0.000258,0.999618,0.015061,0.070487,0.054420,0.051204,0.156839,-0.180924,-0.075104,0.077980,-0.076604,-0.137858,0.154965,-0.189107,0.074917,-0.065631,0.010418,0.155350,-0.081385,0.170189,-0.791738,1.054002,-0.055565,0.070378,-0.084777,-0.088658,-0.139289,0.645426,1.028263,-0.145325,0.134232,0.034082
0.018092,-0.001776,0.785891,0.022032,-0.000329,0.999629,0.016016,0.068981,0.054431,0.053480,0.155597,-0.180693,-0.074755,0.075546,-0.076643,-0.135971,0.153414,-0.187358,0.076985,-0.065140,0.010045,0.154267,-0.081280,0.170065,-0.791157,1.053035,-0.056144,0.070731,-0.085592,-0.090746,-0.139702,0.645387,1.029136,-0.146358,0.133982,0.033346
0.018301,-0.002290,0.786093,0.021173,-0.000653,0.999621,0.017589,0.067664,0.054927,0.056365,0.155141,-0.180306,-0.074123,0.072795,-0.076235,-0.132253,0.152579,-0.185393,0.078541,-0.064664,0.010204,0.154499,-0.081857,0.169562,-0.790520,1.052757,-0.055941,0.070758,-0.084748,-0.093522,-0.140790,0.644110,1.028697,-0.147401,0.134093,0.032034
0.018805,-0.003178,0.786328,0.019929,-0.001216,0.999592,0.020444,0.065608,0.055803,0.061886,0.154448,-0.179826,-0.072966,0.067978,-0.075251,-0.125979,0.151568,-0.181933,0.080426,-0.063868,0.011068,0.154816,-0.082719,0.168808,-0.788858,1.051966,-0.055805,0.070471,-0.085104,-0.098508,-0.142239,0.644000,1.028374,-0.145917,0.135293,0.030946
0.019484,-0.004461,0.786681,0.017808,-0.001765,0.999526,0.025046,0.062066,0.056734,0.071313,0.153485,-0.178946,-0.070476,0.059998,-0.074277,-0.116616,0.150185,-0.176549,0.083353,-0.061593,0.012174,0.154104,-0.084025,0.167200,-0.786836,1.051387,-0.054429,0.070731,-0.085491,-0.104485,-0.145392,0.645716,1.027471,-0.144057,0.135045,0.030569
0.020542,-0.006235,0.787025,0.016638,-0.002573,0.999364,0.031450,0.060968,0.057953,0.083641,0.152566,-0.178901,-0.067973,0.051940,-0.072810,-0.103281,0.150395,-0.170717,0.085354,-0.060718,0.013618,0.156103,-0.085671,0.165793,-0.786213,1.050371,-0.055805,0.070354,-0.085384,-0.111718,-0.149094,0.644637,1.024610,-0.146042,0.139279,0.030913
0.021883,-0.008558,0.787315,0.015766,-0.003006,0.999071,0.040003,0.061186,0.058083,0.100150,0.151432,-0.178620,-0.063762,0.042794,-0.072403,-0.086047,0.150853,-0.162456,0.090003,-0.060316,0.013163,0.159277,-0.087702,0.165338,-0.786313,1.050203,-0.053279,0.070533,-0.087078,-0.121713,-0.151976,0.644470,1.024562,-0.135599,0.135368,0.032088
0.023417,-0.011682,0.787520,0.014379,-0.003522,0.998627,0.050241,0.060733,0.057871,0.120597,0.149761,-0.178794,-0.058316,0.030794,-0.071988,-0.065668,0.151645,-0.152221,0.094811,-0.060311,0.013420,0.163615,-0.090764,0.165151,-0.787340,1.049828,-0.051264,0.070202,-0.088321,-0.128451,-0.159144,0.637959,1.014285,-0.141820,0.137935,0.030231
0.025187,-0.015429,0.787686,0.013083,-0.004018,0.997958,0.062384,0.061495,0.057154,0.144312,0.146623,-0.178655,-0.053278,0.015358,-0.071402,-0.039671,0.156521,-0.142137,0.100101,-0.061034,0.012306,0.169035,-0.093889,0.165416,-0.787543,1.050539,-0.051078,0.070485,-0.086336,-0.135391,-0.166351,0.629033,1.000896,-0.127572,0.134201,0.031340
0.027470,-0.019647,0.787737,0.010557,-0.004107,0.997021,0.076299,0.060690,0.055630,0.172299,0.140306,-0.176428,-0.048727,-0.011990,-0.070858,-0.009478,0.176524,-0.137325,0.108007,-0.063545,0.009062,0.173055,-0.097969,0.167069,-0.786635,1.051739,-0.055559,0.070991,-0.085481,-0.140797,-0.174585,0.616611,0.980242,-0.128957,0.135403,0.031217
0.030249,-0.024400,0.787984,0.004968,-0.004940,0.995710,0.092261,0.053328,0.056899,0.206302,0.133130,-0.173380,-0.044453,-0.038630,-0.066422,0.023193,0.175773,-0.119550,0.114447,-0.068799,0.006467,0.174000,-0.101651,0.169892,-0.781173,1.052061,-0.053633,0.072362,-0.086956,-0.148782,-0.181750,0.604475,0.959747,-0.126563,0.135585,0.028472
0.033191,-0.029487,0.788591,-0.002410,-0.007120,0.993821,0.110737,0.041474,0.062643,0.244482,0.128453,-0.170990,-0.038741,-0.055377,-0.057484,0.057738,0.142908,-0.082847,0.121198,-0.074869,0.005579,0.174978,-0.104525,0.174739,-0.773989,1.051216,-0.058157,0.073299,-0.086029,-0.155295,-0.191182,0.589970,0.933775,-0.117820,0.136864,0.028075
0.036324,-0.034196,0.789293,-0.012912,-0.008949,0.991119,0.132050,0.024254,0.070363,0.286897,0.121963,-0.167266,-0.034212,-0.086638,-0.045677,0.095372,0.123044,-0.048324,0.129394,-0.083003,0.003091,0.170743,-0.107629,0.181624,-0.769819,1.052252,-0.063482,0.074558,-0.086524,-0.161205,-0.198900,0.574217,0.909640,-0.114592,0.137334,0.025782
0.039646,-0.038826,0.789841,-0.025151,-0.010086,0.987114,0.157711,0.001951,0.080531,0.337251,0.121565,-0.167829,-0.028945,-0.128326,-0.031224,0.132523,0.113219,-0.017524,0.145673,-0.089207,-0.000166,0.164560,-0.112705,0.191148,-0.770072,1.053253,-0.058373,0.078486,-0.089858,-0.167437,-0.204535,0.553793,0.890690,-0.112759,0.136104,0.023268
0.042944,-0.042963,0.789348,-0.032000,-0.006974,0.981556,0.188351,-0.006486,0.082000,0.398164,0.120308,-0.171313,-0.023038,-0.155341,-0.035724,0.113518,0.110152,-0.017645,0.211598,-0.091441,-0.014714,0.163014,-0.117892,0.204173,-0.771144,1.056114,-0.061984,0.080869,-0.091586,-0.172631,-0.207286,0.537320,0.877123,-0.109717,0.140124,0.018655
0.046075,-0.046692,0.790136,-0.033350,-0.010288,0.974445,0.221896,0.001746,0.098338,0.462139,0.120443,-0.175805,-0.020328,-0.148667,-0.043262,0.021407,0.112426,-0.051531,0.173101,-0.091665,-0.019118,0.172211,-0.123390,0.220756,-0.777695,1.058297,-0.070202,0.082201,-0.091272,-0.175488,-0.208137,0.522521,0.870644,-0.107240,0.138641,0.018423
0.048455,-0.050064,0.791158,-0.031473,-0.013677,0.966501,0.254357,0.018626,0.112751,0.524379,0.120657,-0.179383,-0.019560,-0.113774,-0.061539,-0.111537,0.115470,-0.085026,0.128400,-0.097722,-0.023992,0.180933,-0.126434,0.238712,-0.785511,1.065838,-0.081480,0.083657,-0.094115,-0.172827,-0.206891,0.508883,0.868228,-0.109096,0.140812,0.014971
0.049634,-0.053504,0.792104,-0.031444,-0.016110,0.957714,0.285546,0.032742,0.124158,0.587134,0.120334,-0.183925,-0.018202,-0.070600,-0.078501,-0.237205,0.119037,-0.108442,0.084769,-0.106645,-0.024527,0.178014,-0.127091,0.254085,-0.795789,1.076997,-0.090083,0.088186,-0.092838,-0.162079,-0.206704,0.497077,0.868170,-0.113668,0.136225,0.015113
0.050274,-0.056359,0.792315,-0.029470,-0.015847,0.947767,0.317202,0.052191,0.127619,0.652882,0.117718,-0.186716,-0.019312,-0.063891,-0.111490,-0.335766,0.222395,-0.167480,0.056986,-0.114105,-0.027397,0.170854,-0.125154,0.264318,-0.795007,1.095311,-0.084090,0.087920,-0.094394,-0.147873,-0.210173,0.491755,0.865099,-0.118820,0.140700,0.021102
0.050769,-0.058681,0.791867,-0.026180,-0.013473,0.936916,0.348312,0.074830,0.123272,0.719654,0.110765,-0.186222,-0.019560,-0.053921,-0.152182,-0.414989,0.325462,-0.216541,0.042020,-0.120047,-0.031541,0.161287,-0.121708,0.270746,-0.785515,1.111184,-0.084652,0.088486,-0.089110,-0.132173,-0.217354,0.493300,0.867911,-0.121089,0.138643,0.021826
0.051587,-0.059823,0.791502,-0.023278,-0.011696,0.925479,0.377903,0.096080,0.121145,0.782396,0.104807,-0.182507,-0.023084,-0.029425,-0.177846,-0.474524,0.377710,-0.240252,0.045156,-0.125197,-0.031460,0.150565,-0.117385,0.276002,-0.772609,1.121349,-0.087934,0.086529,-0.086058,-0.113862,-0.225996,0.493199,0.875717,-0.127594,0.140356,0.023359
0.053132,-0.060098,0.791322,-0.021744,-0.011096,0.913494,0.406120,0.094959,0.146263,0.837636,0.161357,-0.206020,-0.029968,-0.002214,-0.183603,-0.507908,0.379846,-0.240743,0.058856,-0.128790,-0.026425,0.139778,-0.114282,0.282134,-0.762632,1.122803,-0.091348,0.085585,-0.084344,-0.093495,-0.232341,0.480818,0.890647,-0.127037,0.140457,0.021792
0.055842,-0.059426,0.791567,-0.020852,-0.013374,0.900320,0.434523,0.097788,0.182197,0.890678,0.218094,-0.225462,-0.042245,0.025949,-0.173337,-0.530402,0.348121,-0.218783,0.064326,-0.126430,-0.015827,0.132906,-0.111976,0.291670,-0.755765,1.112839,-0.090957,0.084601,-0.085985,-0.071848,-0.234938,0.462807,0.909253,-0.130532,0.145195,0.021425
0.060164,-0.058188,0.791951,-0.020057,-0.014726,0.885736,0.463521,0.106935,0.213936,0.944705,0.259529,-0.233675,-0.055777,0.053978,-0.155638,-0.554218,0.286876,-0.180681,0.080405,-0.119140,-0.008329,0.127348,-0.111017,0.303431,-0.744874,1.097535,-0.093244,0.084590,-0.086569,-0.053192,-0.231988,0.446981,0.935220,-0.132266,0.143822,0.022599
0.066272,-0.056832,0.791846,-0.018092,-0.011012,0.870649,0.491448,0.117615,0.229787,0.996541,0.285535,-0.230555,-0.070015,0.076297,-0.137707,-0.567278,0.207568,-0.134780,0.119638,-0.109497,-0.012908,0.120772,-0.112027,0.318524,-0.730497,1.079180,-0.099677,0.082650,-0.087669,-0.037819,-0.222271,0.430795,0.961680,-0.137390,0.144584,0.022512
0.073792,-0.055460,0.791585,-0.013861,-0.007189,0.855422,0.517696,0.127254,0.253123,1.046222,0.332620,-0.230625,-0.081042,0.073193,-0.124544,-0.536011,0.177590,-0.139454,0.094486,-0.099214,-0.022614,0.119764,-0.116088,0.335809,-0.714544,1.062298,-0.102525,0.082437,-0.088181,-0.026098,-0.208579,0.422772,0.983327,-0.154278,0.146036,0.026235
0.082787,-0.054154,0.790715,-0.009013,-0.003509,0.840539,0.541665,0.128807,0.294092,1.086866,0.415919,-0.237679,-0.087284,0.072280,-0.109598,-0.491665,0.147296,-0.146801,0.074920,-0.087095,-0.035190,0.121465,-0.126339,0.353851,-0.702432,1.054802,-0.110570,0.078414,-0.085795,-0.017468,-0.193609,0.425900,0.995642,-0.166222,0.147459,0.028419
0.092833,-0.052706,0.788964,-0.005339,-0.004997,0.826633,0.562694,0.121651,0.369468,1.104869,0.544295,-0.253615,-0.084384,0.077146,-0.083538,-0.445040,0.119636,-0.152531,0.060811,-0.076021,-0.039290,0.128328,-0.137705,0.369252,-0.681203,1.055112,-0.104902,0.079824,-0.083757,-0.011026,-0.179863,0.437895,1.001156,-0.178329,0.142715,0.033337
0.103108,-0.050898,0.786279,-0.000833,-0.015944,0.813901,0.580784,0.109491,0.477335,1.081924,0.705427,-0.267695,-0.062238,0.087547,-0.046382,-0.404307,0.118900,-0.163641,0.048394,-0.066613,-0.029039,0.147213,-0.144119,0.376683,-0.639295,1.060356,-0.094409,0.078756,-0.081611,-0.007532,-0.171795,0.459612,0.997153,-0.189507,0.145339,0.041947
0.112029,-0.049105,0.783366,0.004854,-0.029079,0.801588,0.597150,0.096566,0.578119,1.042576,0.849582,-0.262362,-0.019194,0.106155,-0.009404,-0.367299,0.118644,-0.173773,0.031733,-0.060711,-0.017284,0.168648,-0.139373,0.373225,-0.572287,1.059009,-0.093354,0.075897,-0.071659,-0.011682,-0.171613,0.493736,0.992766,-0.194729,0.141700,0.048643
0.119448,-0.047251,0.781390,0.010050,-0.037331,0.790959,0.610647,0.067112,0.645703,0.978392,0.954563,-0.245573,0.045738,0.120359,0.015211,-0.335664,0.118814,-0.179868,0.018333,-0.061136,-0.014035,0.179519,-0.128687,0.357467,-0.499591,1.052934,-0.114642,0.070116,-0.060420,-0.022562,-0.177558,0.529725,0.993960,-0.192967,0.140612,0.052553
0.125304,-0.045592,0.780384,0.013054,-0.040330,0.781882,0.621984,0.018949,0.663450,0.877293,0.999029,-0.238099,0.070097,0.125216,0.029625,-0.308073,0.119236,-0.182923,0.009541,-0.065543,-0.015375,0.178182,-0.117473,0.332605,-0.446758,1.043007,-0.127838,0.066861,-0.057556,-0.032384,-0.183769,0.536684,0.997905,-0.202513,0.144823,0.051828
0.129701,-0.044175,0.779929,0.014929,-0.041064,0.773430,0.632373,-0.052754,0.617030,0.704010,0.980468,-0.257607,0.029559,0.125625,0.039232,-0.281199,0.120012,-0.184847,-0.000027,-0.071026,-0.015169,0.171146,-0.112215,0.306558,-0.442082,1.033111,-0.128527,0.065236,-0.064088,-0.038462,-0.189395,0.515275,0.998047,-0.202760,0.145833,0.040584
0.132755,-0.043102,0.779919,0.015530,-0.040676,0.765266,0.642241,-0.118923,0.534615,0.508168,0.931408,-0.267642,-0.012690,0.122594,0.045935,-0.256727,0.120514,-0.185066,-0.006582,-0.072550,-0.011411,0.162739,-0.116745,0.284849,-0.485354,1.020414,-0.104019,0.067482,-0.071164,-0.040975,-0.196136,0.479261,0.988615,-0.173504,0.147983,0.026742
0.134849,-0.042224,0.780111,0.015809,-0.040488,0.755289,0.653949,-0.151620,0.434224,0.321753,0.854266,-0.269000,-0.062553,0.119069,0.052000,-0.229145,0.120747,-0.184260,-0.008808,-0.066060,-0.004837,0.156674,-0.123242,0.266228,-0.537051,1.001555,-0.053987,0.070019,-0.075298,-0.045126,-0.205252,0.456832,0.980328,-0.142137,0.144945,0.018831
0.136201,-0.041350,0.780224,0.015051,-0.040009,0.743487,0.667383,-0.147720,0.346650,0.172494,0.756895,-0.267739,-0.118318,0.112968,0.058835,-0.197007,0.120868,-0.181696,-0.011898,-0.055319,0.003692,0.150124,-0.125106,0.248484,-0.564477,0.977229,-0.005665,0.074722,-0.081259,-0.055592,-0.216270,0.464114,0.979564,-0.130821,0.145141,0.019967
0.136705,-0.040106,0.780243,0.015715,-0.039949,0.732560,0.679348,-0.120133,0.295093,0.082815,0.661331,-0.269240,-0.144557,0.111402,0.062628,-0.167040,0.121006,-0.180759,-0.011220,-0.048238,0.010770,0.146474,-0.125766,0.233427,-0.582832,0.959204,0.004366,0.070783,-0.080304,-0.068485,-0.226635,0.488011,0.986760,-0.138806,0.146119,0.022079
0.136382,-0.038417,0.780191,0.016654,-0.040159,0.724325,0.688086,-0.088110,0.276641,0.052709,0.579353,-0.272797,-0.147473,0.112877,0.064233,-0.143984,0.121164,-0.181188,-0.009011,-0.047867,0.017479,0.143421,-0.128182,0.221936,-0.598298,0.948619,-0.006079,0.070418,-0.080065,-0.078012,-0.234419,0.509602,0.993003,-0.151032,0.147588,0.027563
0.135534,-0.036837,0.780149,0.017221,-0.040067,0.718529,0.694129,-0.061079,0.274323,0.062436,0.514081,-0.274880,-0.149222,0.114041,0.064176,-0.127164,0.121318,-0.181806,-0.007063,-0.051259,0.022910,0.141195,-0.134779,0.214442,-0.617182,0.951006,-0.007510,0.069087,-0.083337,-0.082432,-0.238655,0.516978,0.993678,-0.151264,0.147685,0.030570
0.134061,-0.035081,0.780157,0.017219,-0.039742,0.714863,0.697922,-0.043144,0.272902,0.078522,0.467362,-0.266574,-0.150701,0.114811,0.062885,-0.116279,0.121460,-0.182614,-0.005844,-0.058566,0.028567,0.138823,-0.143941,0.209296,-0.640044,0.961429,-0.000328,0.073967,-0.083845,-0.081916,-0.239712,0.510820,0.989601,-0.144551,0.149042,0.026582
0.131987,-0.033543,0.780134,0.016265,-0.039101,0.713699,0.699171,-0.032693,0.268260,0.083517,0.431920,-0.241956,-0.165579,0.114078,0.060658,-0.112159,0.121561,-0.184220,-0.003552,-0.068579,0.034300,0.136605,-0.153909,0.206635,-0.659053,0.978469,0.003514,0.072865,-0.085639,-0.077155,-0.237863,0.496141,0.985476,-0.140723,0.149381,0.024016
0.128973,-0.031999,0.780086,0.016056,-0.039864,0.713666,0.699166,-0.010983,0.266464,0.089764,0.396040,-0.228147,-0.197096,0.117361,0.057989,-0.110494,0.121685,-0.185467,-0.002095,-0.076381,0.041053,0.137970,-0.163149,0.204017,-0.674459,0.994763,0.002418,0.075655,-0.085138,-0.070349,-0.235035,0.482500,0.984040,-0.133715,0.147208,0.023581
0.125207,-0.030278,0.780424,0.017250,-0.039547,0.713467,0.699359,0.014105,0.256600,0.091410,0.354231,-0.217100,-0.210203,0.121324,0.050057,-0.107797,0.121999,-0.187110,0.001600,-0.080214,0.045490,0.139969,-0.167967,0.201311,-0.683569,1.008503,0.005916,0.078287,-0.084280,-0.062992,-0.232999,0.476692,0.988958,-0.132879,0.147205,0.024341
0.120916,-0.028203,0.781004,0.018514,-0.038770,0.712381,0.700477,0.042984,0.245563,0.102080,0.308573,-0.211021,-0.209377,0.122101,0.040174,-0.103494,0.128177,-0.190929,0.005229,-0.079701,0.050145,0.139871,-0.165648,0.198003,-0.682272,1.016169,0.001756,0.076554,-0.082303,-0.056780,-0.230656,0.481679,1.003476,-0.133954,0.146613,0.022444
0.116321,-0.025978,0.781732,0.020389,-0.036710,0.711378,0.701554,0.071704,0.229771,0.116084,0.261146,-0.200416,-0.200316,0.120751,0.026619,-0.098273,0.136979,-0.196235,0.010389,-0.076238,0.052148,0.137956,-0.159152,0.195563,-0.677328,1.017349,-0.004755,0.075670,-0.082183,-0.049635,-0.227727,0.484176,1.019161,-0.138502,0.146037,0.026352
0.111525,-0.023662,0.782591,0.023569,-0.034250,0.711014,0.701948,0.102063,0.209655,0.128058,0.210905,-0.184593,-0.188478,0.120791,0.009307,-0.095382,0.147257,-0.202554,0.017432,-0.073632,0.051310,0.136454,-0.148882,0.194090,-0.673272,1.013990,-0.016049,0.075307,-0.081800,-0.043967,-0.223663,0.488090,1.034529,-0.152105,0.147260,0.029797
0.106665,-0.021303,0.783153,0.026334,-0.032356,0.711831,0.701110,0.125229,0.191320,0.132043,0.172556,-0.171682,-0.181336,0.122514,-0.006678,-0.095897,0.155416,-0.208399,0.024026,-0.072633,0.050450,0.135488,-0.137499,0.194410,-0.673525,1.012356,-0.020471,0.074282,-0.083840,-0.038225,-0.218635,0.486272,1.044854,-0.153001,0.149789,0.030248
0.101808,-0.019163,0.783249,0.027306,-0.031084,0.713585,0.699346,0.129391,0.179132,0.130092,0.167321,-0.174529,-0.177046,0.125339,-0.018999,-0.100305,0.158026,-0.211590,0.031203,-0.073042,0.051869,0.133141,-0.126031,0.195749,-0.677567,1.014148,-0.023101,0.076060,-0.085194,-0.033064,-0.213586,0.484417,1.049952,-0.154085,0.149599,0.028914
0.097032,-0.017232,0.783178,0.028125,-0.030011,0.715734,0.697161,0.131828,0.167572,0.126151,0.164606,-0.178074,-0.170442,0.128315,-0.030425,-0.104900,0.160007,-0.214391,0.038517,-0.073866,0.052968,0.132437,-0.115346,0.197595,-0.681578,1.022162,-0.023022,0.073775,-0.088149,-0.028714,-0.209218,0.480149,1.046185,-0.151964,0.148117,0.028140
0.092573,-0.015458,0.783137,0.028844,-0.029435,0.717564,0.695273,0.134370,0.157522,0.122515,0.163071,-0.181517,-0.163621,0.132109,-0.040451,-0.109712,0.161219,-0.216236,0.045853,-0.073696,0.054087,0.132768,-0.104331,0.199222,-0.682871,1.033327,-0.024509,0.075851,-0.088576,-0.027088,-0.205360,0.479083,1.039762,-0.154418,0.148700,0.029410
0.088403,-0.014111,0.783046,0.028882,-0.028190,0.719740,0.693069,0.134230,0.148095,0.118648,0.160576,-0.183366,-0.158425,0.133493,-0.049960,-0.114919,0.161893,-0.218107,0.052270,-0.073427,0.053877,0.133613,-0.095822,0.200246,-0.679348,1.049811,-0.025201,0.079508,-0.089672,-0.028817,-0.202061,0.481877,1.030694,-0.150512,0.147157,0.028410
0.084748,-0.013260,0.783058,0.027676,-0.025809,0.721877,0.690986,0.129629,0.139529,0.114283,0.157764,-0.182937,-0.154047,0.130722,-0.058658,-0.120641,0.161543,-0.218067,0.058386,-0.073208,0.052466,0.132385,-0.088541,0.201546,-0.677692,1.070058,-0.034408,0.077978,-0.086904,-0.033658,-0.197667,0.485672,1.023616,-0.150180,0.146421,0.028736
0.081401,-0.012648,0.783128,0.026949,-0.024211,0.723048,0.689847,0.127174,0.132192,0.112096,0.155706,-0.183173,-0.149342,0.128642,-0.066040,-0.123542,0.161943,-0.217930,0.063724,-0.070425,0.050241,0.134138,-0.082994,0.203318,-0.673232,1.088898,-0.034731,0.079187,-0.088296,-0.040777,-0.191659,0.489452,1.017309,-0.152001,0.145267,0.028009
0.078392,-0.012264,0.783167,0.026268,-0.022523,0.724118,0.688808,0.124257,0.125148,0.110011,0.154050,-0.183557,-0.144076,0.126332,-0.073054,-0.126224,0.161911,-0.217757,0.069076,-0.067463,0.047447,0.136682,-0.078620,0.205338,-0.669952,1.103134,-0.034668,0.081492,-0.089756,-0.048567,-0.185998,0.494652,1.009825,-0.153614,0.146099,0.027512
0.075618,-0.012098,0.783189,0.025763,-0.021040,0.724798,0.688158,0.122449,0.118537,0.108741,0.151124,-0.183425,-0.140676,0.123898,-0.079593,-0.127857,0.162171,-0.217520,0.073779,-0.063905,0.044530,0.140206,-0.074578,0.206977,-0.667439,1.111781,-0.037609,0.082191,-0.086721,-0.057001,-0.182190,0.503805,0.999998,-0.155586,0.144321,0.030093
0.073065,-0.011906,0.783266,0.025753,-0.019602,0.725633,0.687320,0.120604,0.111496,0.106931,0.149770,-0.182833,-0.135565,0.122356,-0.086582,-0.129617,0.162814,-0.217762,0.078688,-0.060568,0.040831,0.144250,-0.070183,0.208243,-0.665281,1.114224,-0.042394,0.082701,-0.086451,-0.064521,-0.179139,0.514385,0.988425,-0.152485,0.144157,0.029600
0.070602,-0.011541,0.783273,0.025140,-0.018011,0.725619,0.687401,0.119047,0.105720,0.107760,0.147418,-0.182744,-0.131513,0.119487,-0.092369,-0.129203,0.162866,-0.217469,0.083366,-0.056366,0.038677,0.145144,-0.063206,0.208410,-0.662992,1.110763,-0.044012,0.082672,-0.086488,-0.070248,-0.177201,0.526270,0.979141,-0.154223,0.140972,0.028708
0.068547,-0.011267,0.783267,0.024205,-0.016568,0.725575,0.687518,0.117042,0.101376,0.108560,0.145073,-0.182467,-0.128913,0.116021,-0.096711,-0.128891,0.163039,-0.216842,0.086327,-0.053280,0.036606,0.145805,-0.056912,0.207570,-0.659430,1.104438,-0.044934,0.082460,-0.086032,-0.075844,-0.175433,0.537841,0.971986,-0.153114,0.141830,0.030654
0.066656,-0.010876,0.783248,0.023547,-0.015437,0.725140,0.688025,0.116311,0.097581,0.110306,0.143098,-0.182795,-0.126287,0.113442,-0.100406,-0.127089,0.163060,-0.216669,0.089540,-0.050545,0.034842,0.146116,-0.050964,0.205534,-0.659812,1.096797,-0.047178,0.081057,-0.086381,-0.080261,-0.173672,0.547081,0.967622,-0.152678,0.140594,0.030828
0.064878,-0.010332,0.783261,0.022401,-0.013946,0.724459,0.688813,0.114296,0.094210,0.112459,0.141605,-0.182689,-0.123262,0.109364,-0.103681,-0.124753,0.163364,-0.216289,0.092063,-0.048241,0.033446,0.143963,-0.046046,0.201884,-0.664413,1.090881,-0.049715,0.078463,-0.083378,-0.083036,-0.172108,0.555672,0.966420,-0.153336,0.141257,0.030026
0.063416,-0.009675,0.783217,0.021735,-0.013492,0.723729,0.689610,0.114787,0.092453,0.115010,0.140481,-0.183786,-0.121517,0.108103,-0.105403,-0.122787,0.163085,-0.215694,0.094392,-0.046221,0.032774,0.142564,-0.043914,0.194269,-0.665880,1.089960,-0.050097,0.078871,-0.085882,-0.084214,-0.170215,0.561155,0.968905,-0.153613,0.140484,0.032539
0.062157,-0.008927,0.783160,0.020668,-0.012512,0.722920,0.690509,0.114169,0.090745,0.117331,0.138751,-0.184210,-0.120549,0.105345,-0.107004,-0.120396,0.162805,-0.215163,0.096198,-0.046379,0.032340,0.139166,-0.041665,0.186042,-0.668727,1.088966,-0.050266,0.078464,-0.084860,-0.084638,-0.168243,0.566717,0.976210,-0.154664,0.140896,0.030643
0.061033,-0.008068,0.783140,0.019761,-0.011712,0.721760,0.691763,0.114081,0.089502,0.120982,0.137867,-0.184850,-0.118867,0.102916,-0.108310,-0.117209,0.163104,-0.215241,0.097341,-0.045701,0.031387,0.135998,-0.040735,0.176914,-0.671175,1.088785,-0.048566,0.079191,-0.083581,-0.082672,-0.166665,0.568014,0.982424,-0.153839,0.139948,0.032536
0.060137,-0.007238,0.783061,0.019476,-0.011317,0.720466,0.693125,0.115851,0.088328,0.124983,0.136902,-0.186283,-0.117352,0.101940,-0.109430,-0.113341,0.163328,-0.215695,0.098796,-0.045093,0.030674,0.133507,-0.039029,0.167799,-0.668278,1.084537,-0.047008,0.078042,-0.085179,-0.079606,-0.165468,0.566905,0.990162,-0.153351,0.141402,0.035499
0.059592,-0.006510,0.783004,0.019155,-0.011216,0.718987,0.694669,0.117607,0.088175,0.128814,0.136397,-0.187031,-0.116705,0.101076,-0.109458,-0.109599,0.163677,-0.215576,0.099366,-0.044594,0.030042,0.131518,-0.036629,0.159666,-0.661251,1.074730,-0.046196,0.080062,-0.087314,-0.076172,-0.164368,0.570470,1.000079,-0.154602,0.141316,0.032463
0.059203,-0.005820,0.783026,0.019176,-0.011190,0.717437,0.696269,0.120035,0.088036,0.133505,0.136112,-0.188167,-0.115710,0.100391,-0.109571,-0.105176,0.164593,-0.215575,0.099668,-0.043263,0.028891,0.129978,-0.035847,0.153531,-0.662334,1.064580,-0.048830,0.076251,-0.083302,-0.071951,-0.163525,0.573049,1.009325,-0.156553,0.141365,0.031927
0.058938,-0.005221,0.783016,0.019225,-0.011070,0.715928,0.697822,0.121835,0.087750,0.137261,0.136275,-0.189070,-0.114251,0.099518,-0.109762,-0.100799,0.165448,-0.215697,0.099975,-0.042042,0.027489,0.128380,-0.038125,0.149615,-0.667857,1.054835,-0.040348,0.076931,-0.086017,-0.067683,-0.163184,0.575460,1.018178,-0.158411,0.140767,0.031370
0.058909,-0.004687,0.782943,0.019281,-0.011216,0.714510,0.699269,0.124427,0.088217,0.141579,0.135466,-0.189594,-0.114887,0.099167,-0.109163,-0.096829,0.166277,-0.215749,0.099583,-0.040284,0.025789,0.127602,-0.042932,0.148299,-0.674788,1.049186,-0.033983,0.078075,-0.087397,-0.063960,-0.163297,0.580190,1.025284,-0.157688,0.139492,0.032561
0.058963,-0.004167,0.782948,0.019059,-0.010850,0.713263,0.700554,0.125215,0.088394,0.144698,0.135394,-0.190486,-0.113923,0.098244,-0.108931,-0.094074,0.165949,-0.215870,0.100290,-0.038564,0.023124,0.125084,-0.048696,0.148259,-0.682474,1.049903,-0.032046,0.076554,-0.085279,-0.060173,-0.163786,0.586986,1.030736,-0.160265,0.140562,0.035674
0.059191,-0.003779,0.782936,0.018507,-0.010544,0.712482,0.701367,0.125169,0.089379,0.147258,0.134992,-0.190543,-0.114580,0.096436,-0.107804,-0.091225,0.166468,-0.215313,0.099198,-0.037103,0.020496,0.123178,-0.054953,0.149426,-0.687067,1.054988,-0.034593,0.076548,-0.083805,-0.057385,-0.164723,0.594748,1.033978,-0.164160,0.142342,0.037804
0.059508,-0.003619,0.782896,0.018229,-0.010543,0.711843,0.702023,0.125665,0.090514,0.148924,0.134564,-0.191128,-0.115343,0.096094,-0.106681,-0.090079,0.165848,-0.215089,0.099238,-0.037406,0.017321,0.123319,-0.059939,0.151476,-0.685828,1.061754,-0.033446,0.076674,-0.083843,-0.056668,-0.165993,0.601643,1.035234,-0.160675,0.142362,0.037389
0.059797,-0.003598,0.782968,0.017699,-0.010214,0.711626,0.702262,0.124284,0.091357,0.149331,0.134919,-0.191143,-0.115118,0.094641,-0.105687,-0.089255,0.165518,-0.214703,0.098813,-0.038694,0.014245,0.123937,-0.064753,0.154176,-0.681234,1.067535,-0.040589,0.078210,-0.085562,-0.056854,-0.167604,0.606560,1.034128,-0.162406,0.141163,0.039660
0.060184,-0.003672,0.783000,0.016957,-0.009844,0.711031,0.702887,0.123033,0.092689,0.151095,0.134413,-0.190809,-0.116091,0.092357,-0.104278,-0.087718,0.165188,-0.213688,0.098045,-0.038705,0.011505,0.124800,-0.069661,0.156711,-0.681084,1.074178,-0.043621,0.075653,-0.082284,-0.058326,-0.168928,0.609448,1.033491,-0.166610,0.140436,0.040511
0.060575,-0.003916,0.783038,0.016774,-0.009817,0.711180,0.702742,0.122034,0.093506,0.150342,0.134721,-0.190648,-0.116361,0.091955,-0.103549,-0.088719,0.164871,-0.213412,0.097448,-0.040025,0.008378,0.127501,-0.074697,0.159789,-0.682239,1.077967,-0.043157,0.077446,-0.081643,-0.060885,-0.170106,0.610090,1.032011,-0.159702,0.140952,0.039427
0.061005,-0.004295,0.783114,0.016765,-0.009956,0.711472,0.702444,0.121165,0.094429,0.149600,0.135207,-0.190169,-0.116761,0.092035,-0.102574,-0.089105,0.164183,-0.212954,0.097263,-0.041161,0.005687,0.131247,-0.079816,0.163125,-0.684677,1.079559,-0.044007,0.077828,-0.084807,-0.064626,-0.170892,0.611093,1.030330,-0.164334,0.141508,0.040868
0.061452,-0.004663,0.783177,0.016202,-0.009726,0.711362,0.702572,0.119152,0.095621,0.149425,0.135581,-0.189514,-0.117028,0.090353,-0.101422,-0.089372,0.163686,-0.211500,0.096876,-0.041808,0.003704,0.133095,-0.082805,0.167271,-0.692415,1.078656,-0.048024,0.074875,-0.082640,-0.069313,-0.171230,0.613181,1.029618,-0.160579,0.140577,0.038572
0.061830,-0.004858,0.783209,0.015866,-0.009777,0.710982,0.702963,0.118829,0.097010,0.150487,0.135275,-0.189558,-0.118063,0.089501,-0.099910,-0.088186,0.163149,-0.211108,0.096165,-0.041419,0.002376,0.134850,-0.084269,0.170201,-0.697820,1.076611,-0.049952,0.073318,-0.081718,-0.074078,-0.171265,0.616026,1.029298,-0.158883,0.138264,0.037413
0.062055,-0.005113,0.783261,0.015190,-0.009445,0.710356,0.703615,0.117310,0.098156,0.152177,0.135146,-0.188949,-0.118415,0.087169,-0.098573,-0.085936,0.162504,-0.209727,0.096041,-0.040456,0.001783,0.135581,-0.085005,0.172351,-0.700588,1.074408,-0.049577,0.073399,-0.083758,-0.078333,-0.171056,0.618331,1.026585,-0.164743,0.140034,0.038142
0.062459,-0.005395,0.783290,0.014516,-0.009223,0.709650,0.704344,0.116140,0.099680,0.153937,0.134892,-0.188799,-0.119212,0.084944,-0.097042,-0.084693,0.162290,-0.208859,0.094894,-0.040315,0.001596,0.135712,-0.084374,0.174097,-0.704127,1.072211,-0.047458,0.074836,-0.084449,-0.082743,-0.170345,0.620040,1.023393,-0.157429,0.139906,0.037628
0.062701,-0.005544,0.783302,0.014323,-0.008937,0.709111,0.704895,0.115765,0.099998,0.155149,0.134328,-0.188048,-0.119844,0.083773,-0.096530,-0.083106,0.161639,-0.208406,0.095272,-0.039813,0.000997,0.135762,-0.083046,0.175299,-0.707614,1.071095,-0.049398,0.076691,-0.084254,-0.085384,-0.169043,0.621185,1.018427,-0.157314,0.137467,0.037768
0.062888,-0.005652,0.783329,0.014072,-0.008974,0.708999,0.705012,0.115163,0.100878,0.155644,0.134584,-0.188324,-0.120024,0.082894,-0.095585,-0.082247,0.161944,-0.207914,0.094341,-0.040411,0.001475,0.135809,-0.081215,0.175486,-0.709290,1.071513,-0.048769,0.076507,-0.086302,-0.087713,-0.167460,0.623641,1.014366,-0.156938,0.138468,0.036564
0.063148,-0.005849,0.783299,0.013912,-0.008935,0.708825,0.705191,0.114686,0.101475,0.155653,0.134668,-0.188218,-0.120442,0.082289,-0.095099,-0.082694,0.161991,-0.207819,0.093624,-0.041578,0.001731,0.135341,-0.079064,0.175136,-0.714049,1.072585,-0.041363,0.075662,-0.086827,-0.089114,-0.165513,0.624841,1.009887,-0.156450,0.138787,0.039272
0.063312,-0.005869,0.783276,0.014309,-0.009152,0.709311,0.704691,0.115089,0.101323,0.154389,0.135090,-0.188116,-0.120404,0.083748,-0.095190,-0.083492,0.161619,-0.207864,0.094305,-0.042996,0.001418,0.134896,-0.078279,0.173795,-0.719027,1.074517,-0.043288,0.077531,-0.086633,-0.089801,-0.161871,0.625654,1.008009,-0.156396,0.137275,0.039201
0.063427,-0.005930,0.783299,0.014589,-0.009408,0.709833,0.704156,0.115001,0.101384,0.152878,0.135904,-0.188613,-0.120004,0.084713,-0.095191,-0.084574,0.162016,-0.208525,0.093716,-0.044743,0.001841,0.134109,-0.076817,0.172399,-0.723245,1.075177,-0.044544,0.077216,-0.087709,-0.089275,-0.159154,0.627700,1.006726,-0.159763,0.137390,0.040548
0.063560,-0.005978,0.783256,0.014273,-0.009233,0.709856,0.704142,0.114191,0.101781,0.152949,0.135702,-0.187950,-0.120774,0.083644,-0.094854,-0.084884,0.162477,-0.208381,0.092625,-0.044574,0.002990,0.131212,-0.076243,0.170066,-0.729491,1.075706,-0.042311,0.078047,-0.087000,-0.088948,-0.155408,0.627265,1.009228,-0.152917,0.136089,0.037559
0.063709,-0.006034,0.783240,0.015134,-0.009906,0.710529,0.703436,0.115568,0.101521,0.150695,0.136944,-0.188946,-0.119859,0.087045,-0.095280,-0.087322,0.161761,-0.208773,0.094086,-0.045933,0.003842,0.131330,-0.074482,0.168315,-0.731195,1.074299,-0.037689,0.079253,-0.090113,-0.086642,-0.153123,0.626141,1.009627,-0.155648,0.136303,0.040154
0.063650,-0.006157,0.783231,0.015498,-0.010125,0.710961,0.702988,0.115949,0.101227,0.150149,0.136970,-0.188755,-0.120124,0.087884,-0.095627,-0.087675,0.162216,-0.209231,0.093894,-0.046448,0.005360,0.130586,-0.073216,0.166388,-0.733341,1.072089,-0.039881,0.077678,-0.090099,-0.084796,-0.151041,0.627874,1.012237,-0.157552,0.136767,0.040126
0.063809,-0.006252,0.783184,0.015273,-0.009994,0.710664,0.703295,0.115209,0.101457,0.150116,0.137250,-0.188194,-0.120201,0.086609,-0.095241,-0.087227,0.162805,-0.208920,0.092915,-0.045879,0.006971,0.128186,-0.071446,0.164075,-0.733178,1.070769,-0.038054,0.077963,-0.088359,-0.082845,-0.148979,0.628879,1.015032,-0.155501,0.136931,0.038743
0.063851,-0.006407,0.783215,0.015736,-0.010265,0.710918,0.703024,0.115977,0.101274,0.149621,0.137369,-0.188483,-0.120267,0.087916,-0.095606,-0.088143,0.162626,-0.209366,0.093388,-0.046280,0.007829,0.127476,-0.070846,0.161878,-0.731192,1.070358,-0.042676,0.077290,-0.091834,-0.081229,-0.147393,0.630779,1.018583,-0.155528,0.134725,0.041350
0.063848,-0.006773,0.783207,0.016077,-0.010692,0.711060,0.702866,0.116680,0.101493,0.149898,0.137268,-0.188594,-0.120712,0.088728,-0.095307,-0.087704,0.162449,-0.208965,0.093788,-0.046466,0.009246,0.128318,-0.070570,0.160406,-0.730182,1.069759,-0.045123,0.076404,-0.091702,-0.080051,-0.146638,0.632655,1.019999,-0.157073,0.136510,0.040125
0.063920,-0.007151,0.783251,0.016047,-0.010374,0.710732,0.703203,0.115092,0.101024,0.149738,0.138411,-0.187561,-0.119271,0.086816,-0.095846,-0.087520,0.163628,-0.208541,0.092976,-0.047559,0.009973,0.127745,-0.070563,0.159273,-0.731267,1.070136,-0.043842,0.077327,-0.089382,-0.079644,-0.146272,0.633703,1.022542,-0.154942,0.135299,0.039820
0.063968,-0.007558,0.783295,0.016456,-0.010794,0.710630,0.703290,0.116072,0.101373,0.150900,0.138304,-0.187648,-0.119652,0.087501,-0.095588,-0.086934,0.163438,-0.208718,0.093201,-0.047640,0.010515,0.129500,-0.071872,0.158676,-0.730788,1.071207,-0.045602,0.077570,-0.090741,-0.079277,-0.146195,0.632368,1.023520,-0.150468,0.137266,0.040917
0.063902,-0.008169,0.783331,0.016283,-0.010573,0.710494,0.703436,0.114895,0.101133,0.151111,0.137532,-0.187025,-0.119981,0.086035,-0.095560,-0.086139,0.162831,-0.207417,0.093908,-0.048820,0.011240,0.130079,-0.073202,0.158540,-0.731174,1.071944,-0.043807,0.076232,-0.090361,-0.080743,-0.146336,0.632284,1.025507,-0.149872,0.136045,0.041416
0.064055,-0.008810,0.783430,0.016280,-0.010797,0.710479,0.703447,0.113699,0.101692,0.150824,0.138740,-0.186179,-0.119554,0.084801,-0.095130,-0.086009,0.164247,-0.206810,0.092118,-0.050747,0.012180,0.131637,-0.075244,0.158612,-0.733424,1.073144,-0.044015,0.076535,-0.089127,-0.081772,-0.147147,0.631029,1.026398,-0.151771,0.136065,0.041612
0.064142,-0.009382,0.783431,0.016664,-0.011294,0.710224,0.703687,0.114619,0.102130,0.151386,0.138340,-0.186003,-0.120510,0.085429,-0.094570,-0.085589,0.163623,-0.206127,0.092777,-0.051572,0.012410,0.133689,-0.077348,0.159015,-0.733946,1.074748,-0.040904,0.078078,-0.088634,-0.082763,-0.148015,0.628978,1.027269,-0.148672,0.137965,0.040749
0.064142,-0.009997,0.783450,0.016496,-0.011116,0.710095,0.703825,0.113139,0.102105,0.151692,0.138538,-0.185362,-0.119950,0.083873,-0.094558,-0.085166,0.163494,-0.205397,0.092710,-0.052425,0.013139,0.134478,-0.079178,0.160141,-0.734613,1.075293,-0.039626,0.077648,-0.088765,-0.084163,-0.149504,0.627108,1.028678,-0.148801,0.137386,0.039491
0.064272,-0.010698,0.783524,0.016615,-0.011389,0.709705,0.704211,0.112870,0.102664,0.152621,0.138897,-0.184955,-0.120026,0.082876,-0.093910,-0.083738,0.164083,-0.204410,0.092053,-0.053361,0.013993,0.136296,-0.080383,0.162072,-0.735340,1.074513,-0.038428,0.075954,-0.087939,-0.084880,-0.151306,0.623978,1.028558,-0.148160,0.136754,0.038682
0.064367,-0.011247,0.783556,0.016518,-0.011540,0.709530,0.704388,0.111977,0.103223,0.152532,0.139202,-0.184347,-0.120192,0.082182,-0.093291,-0.083584,0.163603,-0.203661,0.092066,-0.054306,0.014303,0.136764,-0.081826,0.163889,-0.735572,1.074612,-0.039648,0.077031,-0.087436,-0.085257,-0.152651,0.622566,1.027528,-0.150701,0.136447,0.038575
0.064327,-0.011923,0.783548,0.016825,-0.011605,0.709606,0.704302,0.111609,0.102895,0.153026,0.139301,-0.184003,-0.119693,0.081974,-0.093814,-0.083650,0.163449,-0.203345,0.092755,-0.054815,0.014140,0.137876,-0.083219,0.165445,-0.734215,1.074210,-0.039029,0.077605,-0.087609,-0.085336,-0.153731,0.619714,1.026449,-0.155442,0.139004,0.039867
0.064446,-0.012470,0.783671,0.016727,-0.011671,0.709555,0.704355,0.110489,0.103356,0.153003,0.139796,-0.183683,-0.119546,0.080647,-0.093231,-0.083223,0.164175,-0.202760,0.091497,-0.055436,0.014543,0.137786,-0.084066,0.166339,-0.732382,1.074051,-0.038109,0.078060,-0.086925,-0.085239,-0.154279,0.618162,1.026055,-0.154759,0.138391,0.039165
0.064600,-0.012901,0.783672,0.016784,-0.012033,0.709615,0.704287,0.109995,0.103949,0.152132,0.140505,-0.183164,-0.119750,0.080801,-0.092606,-0.083927,0.164063,-0.201963,0.091236,-0.055273,0.014669,0.138055,-0.084881,0.167215,-0.729740,1.074117,-0.039049,0.077324,-0.086306,-0.084079,-0.154637,0.617176,1.024821,-0.152411,0.139382,0.038042
0.064596,-0.013501,0.783636,0.016686,-0.011950,0.709816,0.704088,0.108970,0.104072,0.152147,0.139968,-0.182331,-0.120384,0.079752,-0.092535,-0.083896,0.163844,-0.201368,0.091263,-0.055066,0.014733,0.138234,-0.085212,0.168094,-0.724385,1.072551,-0.039655,0.077207,-0.086726,-0.083435,-0.154962,0.616424,1.023703,-0.154788,0.137431,0.038514
0.064808,-0.013997,0.783741,0.016700,-0.012240,0.710051,0.703845,0.108101,0.104640,0.150685,0.140742,-0.181928,-0.120391,0.079863,-0.091979,-0.085342,0.163556,-0.200386,0.091205,-0.055175,0.014759,0.138569,-0.085220,0.168702,-0.720744,1.070212,-0.041391,0.077770,-0.085962,-0.081910,-0.154880,0.614930,1.022388,-0.152098,0.138861,0.037422
0.064959,-0.014446,0.783767,0.016761,-0.012318,0.710358,0.703533,0.107035,0.104823,0.149842,0.141265,-0.181393,-0.120223,0.079362,-0.091743,-0.085646,0.163839,-0.199874,0.090778,-0.054698,0.014366,0.138605,-0.085830,0.168992,-0.719989,1.069941,-0.039994,0.076571,-0.085711,-0.080319,-0.154544,0.615510,1.021813,-0.154124,0.138048,0.039224
0.065009,-0.015080,0.783736,0.016909,-0.012337,0.710407,0.703479,0.106425,0.104728,0.149871,0.141269,-0.180734,-0.120213,0.078848,-0.091876,-0.085675,0.163661,-0.199704,0.090979,-0.054150,0.013695,0.139368,-0.086271,0.169333,-0.719106,1.069309,-0.039839,0.076005,-0.085736,-0.080291,-0.153756,0.616936,1.021688,-0.151705,0.138794,0.037854
0.065201,-0.015485,0.783827,0.017026,-0.012865,0.710540,0.703333,0.106508,0.105663,0.148968,0.141425,-0.179992,-0.121544,0.079165,-0.090916,-0.086293,0.163988,-0.198924,0.090080,-0.053767,0.013699,0.140206,-0.086088,0.169480,-0.718244,1.067988,-0.040812,0.077392,-0.085438,-0.079672,-0.152679,0.617698,1.021005,-0.151692,0.138645,0.039088
0.065386,-0.016077,0.783891,0.017675,-0.013071,0.710765,0.703086,0.106191,0.105157,0.148481,0.142817,-0.180113,-0.119723,0.079621,-0.091555,-0.086726,0.164370,-0.198587,0.090593,-0.053484,0.011859,0.141572,-0.086261,0.169436,-0.717860,1.067748,-0.042889,0.077516,-0.085117,-0.079866,-0.150442,0.619500,1.020962,-0.153186,0.138696,0.038043
0.065467,-0.016770,0.783848,0.017815,-0.013495,0.710614,0.703227,0.106112,0.105804,0.148708,0.142969,-0.179496,-0.120439,0.079201,-0.090902,-0.086398,0.164986,-0.197978,0.089662,-0.052907,0.011582,0.142448,-0.085099,0.169219,-0.717925,1.067589,-0.043134,0.075717,-0.085763,-0.080791,-0.149129,0.620812,1.021368,-0.155425,0.138590,0.038696
0.065628,-0.017235,0.783884,0.017987,-0.013588,0.710709,0.703125,0.105748,0.105954,0.148497,0.142822,-0.178687,-0.120956,0.079012,-0.090809,-0.086620,0.164599,-0.197542,0.090082,-0.052414,0.010354,0.142186,-0.084224,0.168805,-0.718970,1.067856,-0.044841,0.077025,-0.087111,-0.081076,-0.147469,0.620614,1.020920,-0.155443,0.137844,0.039174
0.065761,-0.017746,0.784003,0.018218,-0.014046,0.710474,0.703348,0.105473,0.106571,0.148398,0.144397,-0.179101,-0.119807,0.078693,-0.090099,-0.085930,0.165576,-0.196844,0.089152,-0.052176,0.009939,0.142443,-0.082762,0.168217,-0.720761,1.068614,-0.045073,0.076205,-0.088101,-0.082241,-0.145796,0.621577,1.022072,-0.154982,0.138064,0.036931
0.065792,-0.018403,0.783942,0.018415,-0.014360,0.710455,0.703355,0.105968,0.106864,0.149116,0.143263,-0.178270,-0.121631,0.078561,-0.089733,-0.085302,0.165574,-0.196573,0.088894,-0.052459,0.009768,0.142331,-0.081050,0.167522,-0.724836,1.068909,-0.044372,0.076441,-0.084786,-0.083700,-0.144605,0.621898,1.022513,-0.155749,0.137976,0.036374
0.065761,-0.018777,0.783958,0.018570,-0.014427,0.710280,0.703527,0.105473,0.106784,0.149091,0.144067,-0.178059,-0.120628,0.078295,-0.089931,-0.085425,0.165527,-0.196597,0.089203,-0.052385,0.008956,0.140726,-0.078855,0.166809,-0.726936,1.069200,-0.049724,0.076353,-0.083022,-0.083781,-0.143720,0.620778,1.022081,-0.153960,0.137701,0.037177
0.065812,-0.019189,0.783978,0.019035,-0.015028,0.710458,0.703322,0.106366,0.106897,0.148398,0.143954,-0.177796,-0.121582,0.079215,-0.089737,-0.085712,0.166105,-0.196229,0.088786,-0.052537,0.008828,0.139552,-0.077199,0.165905,-0.728294,1.070217,-0.044546,0.078615,-0.086474,-0.083886,-0.142954,0.620391,1.022431,-0.154386,0.137715,0.036613
0.065795,-0.019793,0.783988,0.019690,-0.015501,0.710535,0.703216,0.106794,0.106645,0.148499,0.145170,-0.177969,-0.120201,0.079926,-0.090018,-0.085320,0.166614,-0.195872,0.089346,-0.053149,0.008554,0.138844,-0.075182,0.165204,-0.728441,1.070601,-0.042355,0.077147,-0.086948,-0.084310,-0.142592,0.619651,1.022690,-0.154774,0.138853,0.036850
0.065776,-0.020214,0.783935,0.020448,-0.016446,0.710790,0.702914,0.108299,0.106911,0.147301,0.145948,-0.178174,-0.120476,0.082079,-0.090021,-0.086891,0.167211,-0.196251,0.088914,-0.053383,0.008663,0.138021,-0.073939,0.164203,-0.726951,1.071583,-0.042932,0.077517,-0.088256,-0.083280,-0.142383,0.617348,1.021720,-0.155950,0.139796,0.038030
0.065698,-0.020770,0.783960,0.021129,-0.017029,0.710784,0.702887,0.109384,0.106627,0.147336,0.146112,-0.177955,-0.120490,0.082818,-0.090151,-0.086267,0.167915,-0.195899,0.088958,-0.052945,0.008838,0.137631,-0.072784,0.163470,-0.725039,1.070284,-0.041303,0.079092,-0.088777,-0.083027,-0.142452,0.616404,1.022159,-0.156846,0.141128,0.038135
0.065647,-0.021488,0.784006,0.021830,-0.017705,0.710858,0.702774,0.110305,0.106438,0.147298,0.146660,-0.177917,-0.120157,0.083849,-0.090480,-0.086470,0.168531,-0.195791,0.089082,-0.053129,0.009033,0.138025,-0.072545,0.163071,-0.725308,1.070693,-0.041732,0.077215,-0.086439,-0.083370,-0.142654,0.616753,1.023826,-0.158831,0.140413,0.039251
0.065560,-0.022130,0.784007,0.022404,-0.018249,0.711142,0.702454,0.110708,0.106252,0.146337,0.146931,-0.177384,-0.120320,0.084886,-0.090703,-0.087411,0.168470,-0.195325,0.089566,-0.053623,0.008975,0.137685,-0.072852,0.162641,-0.726400,1.071850,-0.043322,0.076426,-0.085506,-0.082656,-0.143126,0.617659,1.024821,-0.159265,0.139266,0.038768
0.065531,-0.022924,0.784021,0.023012,-0.018792,0.711225,0.702336,0.111063,0.106105,0.146175,0.147554,-0.177097,-0.120011,0.085343,-0.090992,-0.087770,0.169241,-0.195117,0.089253,-0.053781,0.008899,0.138188,-0.073666,0.162383,-0.725290,1.072496,-0.043889,0.076144,-0.086971,-0.081988,-0.143761,0.617083,1.025781,-0.159057,0.137558,0.038448
0.065517,-0.023747,0.784080,0.023463,-0.019132,0.711069,0.702470,0.111015,0.105870,0.146544,0.147860,-0.176572,-0.119664,0.085070,-0.091146,-0.086852,0.169582,-0.194275,0.089623,-0.054125,0.008607,0.138662,-0.073919,0.162403,-0.724189,1.072989,-0.041153,0.076704,-0.086269,-0.081322,-0.144259,0.616352,1.026130,-0.157913,0.137720,0.037758
0.065440,-0.024533,0.784094,0.023926,-0.019885,0.710664,0.702843,0.111988,0.106430,0.147701,0.148127,-0.176605,-0.119956,0.085294,-0.090529,-0.085495,0.169991,-0.193789,0.089233,-0.054227,0.008863,0.139463,-0.074189,0.162643,-0.724614,1.073991,-0.041554,0.077842,-0.085316,-0.080418,-0.144718,0.615194,1.026146,-0.157508,0.139380,0.037664
0.065333,-0.025304,0.784122,0.024136,-0.020204,0.710245,0.703251,0.112012,0.106656,0.148657,0.148227,-0.176015,-0.120084,0.084774,-0.090329,-0.084682,0.169884,-0.192751,0.089754,-0.054779,0.009084,0.139099,-0.073896,0.162898,-0.724639,1.074523,-0.041561,0.079263,-0.084772,-0.079848,-0.144973,0.614347,1.025989,-0.157255,0.138631,0.038558
0.065309,-0.026006,0.784166,0.024595,-0.020894,0.709687,0.703778,0.112660,0.107152,0.149913,0.149385,-0.176202,-0.119253,0.084715,-0.089853,-0.083123,0.170862,-0.192543,0.088993,-0.054955,0.009078,0.139718,-0.073619,0.163600,-0.724402,1.076044,-0.042561,0.077357,-0.085764,-0.078710,-0.145156,0.614445,1.024987,-0.155000,0.142045,0.037412
