-0.000595,-0.023169,0.784838,0.016031,-0.019409,0.695732,0.717860,0.070406,0.031393,0.086940,0.135191,-0.175959,-0.063094,0.063689,-0.013385,0.013178,0.161154,-0.178926,0.054199,-0.008252,-0.021375,0.125680,-0.048775,0.173356,-0.601819,1.003075,0.231654,0.094735,-0.038916,-0.104359,-0.128729,0.847428,1.078815,-0.050623,0.095783,0.131015
-0.000418,-0.023472,0.784830,0.016442,-0.019841,0.695660,0.717909,0.071353,0.031817,0.087376,0.135390,-0.176056,-0.063616,0.064213,-0.013017,0.013586,0.162119,-0.179117,0.053260,-0.007819,-0.021117,0.126433,-0.049946,0.173216,-0.600934,1.000205,0.234136,0.095508,-0.041735,-0.105470,-0.127982,0.848648,1.079797,-0.051752,0.096061,0.131047
0.000019,-0.023699,0.784884,0.016680,-0.020097,0.695940,0.717625,0.071439,0.032362,0.086528,0.135722,-0.175929,-0.064089,0.064991,-0.012522,0.012475,0.161843,-0.179430,0.052909,-0.008353,-0.021114,0.126603,-0.050956,0.172901,-0.600331,0.997131,0.233081,0.097687,-0.041039,-0.106506,-0.127658,0.849584,1.079765,-0.051902,0.096359,0.130273
0.000373,-0.024000,0.784893,0.017267,-0.020527,0.695912,0.717626,0.072320,0.032662,0.086557,0.136445,-0.175912,-0.063894,0.066041,-0.012188,0.012634,0.162051,-0.179503,0.052968,-0.007835,-0.021369,0.127746,-0.052351,0.172219,-0.600586,0.996048,0.234887,0.095864,-0.041898,-0.108179,-0.127252,0.849386,1.079900,-0.052293,0.097261,0.131120
0.000806,-0.024346,0.784903,0.017545,-0.020812,0.696498,0.717042,0.072416,0.033050,0.084581,0.136342,-0.175354,-0.065192,0.066988,-0.011776,0.010928,0.161749,-0.179808,0.052442,-0.008471,-0.021405,0.128197,-0.053967,0.171385,-0.601871,0.995471,0.233262,0.095538,-0.040513,-0.109689,-0.126887,0.850943,1.080698,-0.053308,0.096134,0.130949
0.001120,-0.024810,0.784925,0.018352,-0.021773,0.696217,0.717266,0.074170,0.034022,0.085101,0.137621,-0.175689,-0.065420,0.068242,-0.010725,0.011974,0.163272,-0.179787,0.051074,-0.006561,-0.021284,0.131002,-0.054748,0.170775,-0.600872,0.994749,0.231220,0.095153,-0.038686,-0.111641,-0.126823,0.850963,1.080594,-0.054389,0.095756,0.132704
0.001646,-0.025114,0.784922,0.019109,-0.022401,0.696297,0.717149,0.075633,0.034489,0.084841,0.138229,-0.175717,-0.065851,0.070017,-0.010241,0.011666,0.163493,-0.180137,0.050832,-0.005979,-0.021819,0.132786,-0.054737,0.170050,-0.600662,0.994956,0.235580,0.095257,-0.040857,-0.112437,-0.126728,0.849963,1.080738,-0.053725,0.094322,0.133910
0.002135,-0.025387,0.784963,0.019593,-0.022842,0.696684,0.716746,0.076273,0.035023,0.083356,0.138691,-0.175727,-0.066683,0.071203,-0.009737,0.010253,0.163949,-0.180860,0.049578,-0.005956,-0.022270,0.134058,-0.054419,0.169629,-0.600944,0.995355,0.230256,0.096517,-0.038605,-0.112983,-0.126596,0.849472,1.080461,-0.055495,0.094643,0.134754
0.002682,-0.025702,0.785003,0.019756,-0.022756,0.697034,0.716404,0.075273,0.035344,0.082254,0.139661,-0.175090,-0.066344,0.070858,-0.009225,0.010112,0.164258,-0.180582,0.048972,-0.004592,-0.023136,0.133995,-0.053838,0.169444,-0.600670,0.996787,0.229618,0.097204,-0.040609,-0.112171,-0.126488,0.849826,1.079840,-0.057575,0.094225,0.133664
0.003249,-0.026031,0.785032,0.019990,-0.023041,0.697367,0.716065,0.075221,0.036121,0.080858,0.140050,-0.175189,-0.067245,0.071107,-0.008412,0.008823,0.164864,-0.180561,0.047286,-0.004489,-0.023603,0.135347,-0.053245,0.169263,-0.598867,0.998749,0.229563,0.096017,-0.041381,-0.112137,-0.126159,0.848665,1.079151,-0.056333,0.094713,0.134787
0.003933,-0.026265,0.785081,0.019547,-0.022856,0.698079,0.715389,0.074211,0.037304,0.078512,0.138593,-0.174167,-0.070690,0.070183,-0.007118,0.006751,0.164676,-0.180471,0.044963,-0.004724,-0.023835,0.134684,-0.052742,0.169365,-0.598314,1.002765,0.230211,0.096097,-0.041414,-0.111010,-0.125890,0.849146,1.077919,-0.057019,0.095656,0.134420
0.004824,-0.026529,0.785183,0.018672,-0.021842,0.699539,0.714016,0.070804,0.037942,0.074434,0.136903,-0.172759,-0.073492,0.068107,-0.006410,0.003288,0.163104,-0.179028,0.044069,-0.006583,-0.025060,0.132105,-0.052731,0.169983,-0.598091,1.006322,0.232811,0.098162,-0.042428,-0.109591,-0.125313,0.848742,1.077087,-0.055401,0.096069,0.134627
0.005824,-0.026920,0.785269,0.017879,-0.021506,0.699886,0.713707,0.068415,0.040383,0.073274,0.136554,-0.172828,-0.075889,0.065819,-0.004254,0.001457,0.163368,-0.178416,0.040463,-0.006213,-0.025410,0.131799,-0.053146,0.171490,-0.597456,1.008484,0.233775,0.099062,-0.040767,-0.109823,-0.124353,0.847646,1.077126,-0.052947,0.096473,0.135251
0.006999,-0.027321,0.785337,0.017409,-0.021344,0.700447,0.713172,0.067559,0.042471,0.070937,0.134359,-0.171763,-0.080717,0.064805,-0.001912,0.000026,0.162291,-0.177127,0.038391,-0.005924,-0.026252,0.132745,-0.053888,0.173942,-0.596810,1.009917,0.234156,0.098463,-0.041642,-0.109965,-0.122997,0.845900,1.077430,-0.054131,0.094971,0.136145
0.008482,-0.027942,0.785456,0.017179,-0.021136,0.701038,0.712603,0.065680,0.044663,0.068747,0.134237,-0.171459,-0.083125,0.063505,0.000166,-0.002463,0.162261,-0.176162,0.035432,-0.005520,-0.027845,0.135103,-0.055117,0.177760,-0.596780,1.009516,0.233830,0.098626,-0.042596,-0.111162,-0.120768,0.845801,1.077098,-0.051089,0.094993,0.132146
0.010205,-0.028406,0.785640,0.016743,-0.020417,0.702438,0.711255,0.062052,0.046237,0.064461,0.134652,-0.170101,-0.085023,0.061096,0.002034,-0.005874,0.163199,-0.175502,0.031065,-0.006219,-0.029774,0.135898,-0.057515,0.181562,-0.598552,1.010649,0.233068,0.099504,-0.043038,-0.111821,-0.118816,0.845066,1.077064,-0.048317,0.093185,0.130526
0.012348,-0.029121,0.785764,0.016617,-0.019709,0.703565,0.710163,0.058972,0.048037,0.061020,0.134191,-0.167809,-0.088111,0.059136,0.003962,-0.009139,0.163227,-0.174748,0.027398,-0.004801,-0.032020,0.138815,-0.061487,0.185229,-0.598611,1.011711,0.231791,0.097873,-0.040179,-0.113148,-0.117119,0.844172,1.075587,-0.050155,0.094218,0.132797
0.014615,-0.029927,0.785918,0.016185,-0.018207,0.706109,0.707684,0.052687,0.048471,0.054020,0.134542,-0.164501,-0.089345,0.056182,0.004532,-0.016319,0.162917,-0.174144,0.023989,-0.005496,-0.034433,0.140331,-0.065471,0.189168,-0.597419,1.010961,0.227964,0.100306,-0.040712,-0.114286,-0.115661,0.846478,1.073760,-0.048522,0.093127,0.129583
0.017175,-0.030984,0.786089,0.015264,-0.016581,0.708509,0.705342,0.044421,0.049949,0.047071,0.136105,-0.159802,-0.090181,0.051525,0.006287,-0.023265,0.162719,-0.172604,0.019525,-0.004109,-0.035563,0.142301,-0.069953,0.192814,-0.594876,1.007268,0.227460,0.099789,-0.038217,-0.116628,-0.114924,0.848096,1.072821,-0.048682,0.091687,0.128184
0.019940,-0.032282,0.786151,0.014528,-0.014683,0.711899,0.701978,0.034962,0.050017,0.036778,0.137144,-0.153251,-0.090854,0.048300,0.006512,-0.034050,0.160008,-0.171353,0.017826,-0.002990,-0.036542,0.145165,-0.075172,0.195513,-0.589716,1.001283,0.223838,0.098080,-0.035694,-0.118811,-0.115061,0.847695,1.070276,-0.050049,0.094731,0.129972
0.022839,-0.033741,0.786204,0.011913,-0.010933,0.717621,0.696246,0.016639,0.048926,0.020261,0.140036,-0.144461,-0.090906,0.040431,0.005697,-0.051369,0.155403,-0.167457,0.016052,-0.004986,-0.035901,0.143311,-0.080642,0.197871,-0.584631,0.992558,0.220083,0.098755,-0.035193,-0.120389,-0.116235,0.844390,1.069965,-0.055504,0.093233,0.134390
0.025497,-0.035726,0.786028,0.008177,-0.007558,0.725128,0.688524,-0.021085,0.048436,-0.002341,0.177140,-0.151093,-0.093490,0.033894,0.005834,-0.074317,0.145547,-0.161552,0.016528,-0.006693,-0.031214,0.143147,-0.085920,0.199379,-0.574896,0.976268,0.221178,0.098540,-0.031772,-0.122160,-0.119679,0.840268,1.069913,-0.051269,0.093834,0.132558
0.027943,-0.037874,0.785989,0.005443,-0.004284,0.734870,0.678173,-0.052015,0.043447,-0.029537,0.200020,-0.149438,-0.095383,0.028424,0.002905,-0.103494,0.138988,-0.157330,0.014647,-0.008806,-0.025566,0.146946,-0.090795,0.198911,-0.556044,0.954809,0.223108,0.097398,-0.036132,-0.123147,-0.125097,0.833327,1.072707,-0.044151,0.093889,0.131153
0.029827,-0.040369,0.786032,0.002305,-0.000062,0.746655,0.665208,-0.081262,0.033569,-0.061734,0.211996,-0.142921,-0.095682,0.020202,-0.002855,-0.136382,0.134482,-0.153970,0.010939,-0.009910,-0.018275,0.150644,-0.095273,0.195424,-0.531969,0.927995,0.227583,0.099149,-0.038202,-0.124049,-0.132579,0.823790,1.077903,-0.037534,0.095597,0.134079
0.031396,-0.043120,0.786030,-0.000559,0.003473,0.760479,0.649354,-0.109556,0.021716,-0.094798,0.223408,-0.137527,-0.096997,0.015270,-0.009765,-0.175721,0.128947,-0.150924,0.008220,-0.010095,-0.009236,0.155244,-0.101359,0.190469,-0.513349,0.902664,0.225478,0.098675,-0.033071,-0.124524,-0.142042,0.823345,1.085423,-0.028131,0.096293,0.128049
0.032546,-0.045591,0.785933,-0.001905,0.006390,0.776678,0.629863,-0.132579,0.021044,-0.066812,0.239844,-0.137295,-0.099697,0.015366,-0.020391,-0.222477,0.125531,-0.151440,0.005819,-0.011211,-0.001328,0.160925,-0.108884,0.185173,-0.502392,0.880686,0.222436,0.096260,-0.029608,-0.124486,-0.153749,0.823557,1.093164,-0.029124,0.098705,0.132509
0.033362,-0.048109,0.785951,-0.003813,0.009525,0.792698,0.609528,-0.159117,0.047382,0.048978,0.290710,-0.175175,-0.075270,0.013860,-0.032012,-0.270624,0.124385,-0.153413,0.004871,-0.008679,0.006921,0.162861,-0.115943,0.180812,-0.502326,0.859465,0.225466,0.095657,-0.024571,-0.126138,-0.166883,0.834344,1.105817,-0.024607,0.099519,0.133732
0.034189,-0.050223,0.785925,-0.003551,0.010492,0.807945,0.589154,-0.166283,0.096251,0.216587,0.353654,-0.222574,-0.042959,0.019991,-0.042740,-0.318704,0.124252,-0.157230,0.006155,-0.001619,0.013735,0.166264,-0.120016,0.178099,-0.504747,0.843646,0.228077,0.094052,-0.023665,-0.127948,-0.179755,0.852706,1.123402,-0.034581,0.101324,0.141199
0.034911,-0.051770,0.785657,-0.003192,0.009130,0.823020,0.567930,-0.159965,0.154127,0.370763,0.424359,-0.268249,-0.013084,0.031874,-0.048569,-0.369049,0.122292,-0.161470,0.006198,0.005319,0.020637,0.168168,-0.118663,0.178485,-0.504282,0.833394,0.231482,0.086781,-0.029985,-0.128968,-0.189358,0.868127,1.144944,-0.039620,0.101268,0.142570
0.035236,-0.052567,0.785114,-0.001656,0.006289,0.838000,0.545632,-0.139748,0.209706,0.494541,0.491154,-0.306996,0.012663,0.049187,-0.053372,-0.421282,0.122093,-0.169430,0.009516,0.010086,0.025488,0.169640,-0.112627,0.181848,-0.502565,0.827691,0.233318,0.090925,-0.031724,-0.128916,-0.196529,0.872730,1.164837,-0.046835,0.103899,0.144846
0.034731,-0.052729,0.784586,-0.000006,0.003685,0.852787,0.522246,-0.107956,0.258624,0.602832,0.540207,-0.338206,0.040481,0.068640,-0.058528,-0.474664,0.121468,-0.178549,0.014366,0.012000,0.027435,0.166471,-0.103719,0.187586,-0.500709,0.833324,0.227528,0.089974,-0.029954,-0.127397,-0.201220,0.865570,1.179868,-0.050890,0.107348,0.142680
0.033237,-0.053064,0.784106,0.002584,0.001258,0.867858,0.496803,-0.065011,0.297703,0.706867,0.566154,-0.361457,0.064936,0.092101,-0.065895,-0.532296,0.119918,-0.188381,0.023194,0.009495,0.027495,0.163861,-0.093703,0.193441,-0.496128,0.847196,0.222140,0.090961,-0.026202,-0.125715,-0.204755,0.850109,1.189404,-0.059505,0.109633,0.140294
0.030802,-0.053299,0.783875,0.002846,0.000482,0.883059,0.469254,-0.022901,0.324503,0.805956,0.567260,-0.375618,0.079253,0.111537,-0.073723,-0.593171,0.116698,-0.195606,0.032931,0.005339,0.026020,0.154983,-0.084523,0.200807,-0.492430,0.870742,0.219713,0.091299,-0.028053,-0.122062,-0.208892,0.824274,1.191267,-0.059448,0.109302,0.137719
0.027605,-0.054477,0.783790,0.001797,0.000166,0.899176,0.437583,0.006524,0.335896,0.881347,0.550359,-0.377208,0.094095,0.131248,-0.081465,-0.663050,0.110611,-0.199044,0.042000,-0.005004,0.026114,0.146489,-0.078939,0.205421,-0.488101,0.902383,0.215095,0.092099,-0.024855,-0.121713,-0.213061,0.801607,1.188556,-0.045594,0.109845,0.131265
0.023603,-0.056319,0.783704,0.001296,0.000015,0.915282,0.402812,0.020345,0.315980,0.893314,0.496540,-0.330651,0.042941,0.155582,-0.088974,-0.738286,0.100293,-0.198950,0.057002,-0.013135,0.025612,0.140272,-0.079062,0.207298,-0.487470,0.939069,0.217375,0.097332,-0.021429,-0.118913,-0.219367,0.782744,1.179903,-0.040547,0.108371,0.131910
0.019100,-0.059314,0.783886,0.000545,0.002188,0.930185,0.367083,0.001343,0.269215,0.819970,0.439527,-0.296204,0.018320,0.178226,-0.100656,-0.814380,0.088093,-0.193024,0.074942,-0.017427,0.023050,0.135260,-0.081977,0.206366,-0.487599,0.969609,0.217013,0.101001,-0.019659,-0.118872,-0.228551,0.775922,1.171459,-0.021751,0.107211,0.126422
0.014294,-0.063701,0.784649,-0.002382,0.005929,0.942710,0.333551,-0.012356,0.219100,0.756305,0.374542,-0.252431,-0.012901,0.185207,-0.124045,-0.884405,0.102191,-0.192489,0.091154,-0.014419,0.021286,0.126733,-0.084085,0.203386,-0.489316,0.990149,0.216500,0.101484,-0.020228,-0.122961,-0.238502,0.779199,1.170520,-0.015971,0.106475,0.123693
0.009384,-0.069099,0.784304,-0.006629,0.014412,0.952214,0.305019,-0.024802,0.159504,0.703719,0.310712,-0.222459,-0.015657,0.140845,-0.218765,-0.933138,0.268867,-0.258038,0.102850,-0.001920,0.013233,0.113201,-0.080275,0.198220,-0.486995,0.991625,0.221492,0.103251,-0.024173,-0.128285,-0.250702,0.782937,1.172882,-0.024786,0.104838,0.126452
0.003979,-0.074856,0.782371,-0.002823,0.026474,0.960535,0.276882,-0.007432,0.078401,0.647337,0.222466,-0.186901,-0.012661,0.112034,-0.342287,-0.967891,0.457030,-0.313987,0.116680,0.008970,-0.006452,0.112007,-0.070373,0.196309,-0.488668,0.975029,0.231092,0.101681,-0.032676,-0.132957,-0.260959,0.778436,1.171788,-0.038198,0.106798,0.131172
-0.001865,-0.081003,0.780046,0.004325,0.036012,0.968974,0.244487,0.021712,0.001723,0.587312,0.137425,-0.153339,0.008972,0.101818,-0.464801,-0.994950,0.639101,-0.334099,0.119245,0.009469,-0.020219,0.118137,-0.061562,0.199012,-0.508168,0.951773,0.216719,0.097502,-0.034500,-0.137666,-0.273595,0.771066,1.161466,-0.039259,0.108498,0.132369
-0.006957,-0.087459,0.777933,0.013041,0.041795,0.977370,0.206956,0.031417,-0.047755,0.514497,0.121760,-0.152168,0.035290,0.095769,-0.585162,-1.009229,0.829296,-0.323932,0.079151,0.004171,-0.025542,0.132999,-0.062760,0.203616,-0.536959,0.938737,0.209660,0.093853,-0.036407,-0.140041,-0.287469,0.752156,1.142242,-0.033432,0.101939,0.127221
-0.011379,-0.093056,0.775965,0.022863,0.045551,0.984602,0.167214,0.043787,-0.087879,0.437347,0.116184,-0.151755,0.056031,0.065944,-0.701566,-0.975038,1.027343,-0.292064,-0.051705,-0.001345,-0.026730,0.153105,-0.068312,0.207386,-0.558521,0.940053,0.212878,0.092958,-0.036680,-0.138059,-0.300512,0.721803,1.116569,-0.022223,0.097107,0.117168
-0.014309,-0.097176,0.774133,0.029502,0.048892,0.990431,0.125639,0.048697,-0.121028,0.359271,0.116113,-0.149436,0.072794,-0.052817,-0.766434,-0.807287,1.189656,-0.254230,-0.261800,-0.007116,-0.027417,0.170213,-0.076533,0.210796,-0.561795,0.949064,0.223366,0.096757,-0.042289,-0.136541,-0.307938,0.689424,1.096281,-0.004644,0.089355,0.108713
-0.016406,-0.099181,0.773798,0.032408,0.049159,0.994746,0.083746,0.047938,-0.141381,0.281918,0.117114,-0.143501,0.082658,-0.214208,-0.655822,-0.494014,1.213310,-0.231453,-0.186392,-0.008252,-0.022781,0.183111,-0.086408,0.215418,-0.555055,0.961705,0.220059,0.097230,-0.038999,-0.134364,-0.308538,0.661070,1.085437,0.018791,0.084344,0.097033
-0.018239,-0.099508,0.774403,0.030629,0.047358,0.997639,0.039188,0.038286,-0.154454,0.198835,0.117586,-0.133065,0.086803,-0.321116,-0.483432,-0.235720,1.202746,-0.225599,-0.112441,-0.013670,-0.016577,0.185997,-0.093287,0.221024,-0.536401,0.971540,0.215252,0.100545,-0.030661,-0.137719,-0.300462,0.647243,1.093277,0.043513,0.075949,0.089098
-0.020330,-0.098327,0.774913,-0.027771,-0.046538,-0.998486,0.009436,0.027340,-0.169902,0.108519,0.117576,-0.119480,0.087994,-0.364706,-0.355067,-0.084894,1.172904,-0.252105,-0.065465,-0.020596,-0.016547,0.185314,-0.100299,0.227795,-0.516808,0.975883,0.214375,0.101308,-0.025808,-0.139863,-0.285442,0.630915,1.097708,0.073809,0.078519,0.090342
-0.022833,-0.095856,0.775499,-0.022543,-0.045112,-0.996963,0.059351,0.012589,-0.183175,0.016232,0.117412,-0.105224,0.082038,-0.392223,-0.258069,0.023109,1.123275,-0.273272,-0.048113,-0.025594,-0.018319,0.178258,-0.110196,0.238021,-0.509358,0.972107,0.198870,0.100729,-0.022272,-0.140674,-0.267855,0.620967,1.092826,0.093011,0.078078,0.092348
-0.025999,-0.092584,0.776007,-0.014966,-0.043563,-0.993030,0.108487,-0.006026,-0.195982,-0.073891,0.117255,-0.090347,0.071862,-0.416604,-0.175657,0.124596,1.056081,-0.285603,-0.041729,-0.024834,-0.021466,0.166423,-0.123978,0.250855,-0.517485,0.962267,0.184477,0.100153,-0.027492,-0.141920,-0.251689,0.624089,1.080583,0.082746,0.074306,0.087197
-0.030082,-0.089326,0.776487,-0.006927,-0.040832,-0.986626,0.157649,-0.023984,-0.206828,-0.163810,0.117661,-0.078830,0.052122,-0.427849,-0.101892,0.228849,0.966764,-0.289884,-0.032235,-0.022671,-0.022082,0.152753,-0.135386,0.261934,-0.524729,0.947832,0.186282,0.102275,-0.037474,-0.143360,-0.238737,0.638095,1.066288,0.060644,0.075337,0.080974
-0.035432,-0.086602,0.776865,-0.001434,-0.038209,-0.977814,0.205954,-0.033112,-0.217484,-0.252426,0.117631,-0.071468,0.027051,-0.406509,-0.017476,0.378645,0.851136,-0.275546,0.017423,-0.019726,-0.021069,0.142342,-0.139497,0.268354,-0.521685,0.931187,0.176778,0.103116,-0.035747,-0.145593,-0.229694,0.662956,1.058142,0.033986,0.072679,0.079673
-0.041405,-0.084063,0.777014,0.000001,-0.036747,-0.966319,0.254708,-0.031705,-0.228332,-0.341011,0.117688,-0.066526,-0.004282,-0.345240,0.046014,0.550529,0.714732,-0.246054,0.108105,-0.016577,-0.018762,0.140239,-0.139226,0.268488,-0.505239,0.916857,0.162685,0.102121,-0.032696,-0.148489,-0.225301,0.688436,1.052063,0.027463,0.074886,0.086266
-0.048167,-0.081371,0.777181,-0.000473,-0.035999,-0.952086,0.303703,-0.024979,-0.239612,-0.434267,0.118522,-0.061643,-0.032426,-0.282541,0.054268,0.644984,0.593632,-0.219512,0.173306,-0.014577,-0.015633,0.140983,-0.136112,0.264034,-0.482640,0.909539,0.141882,0.100523,-0.026994,-0.150248,-0.223824,0.708337,1.050922,0.015647,0.073464,0.093362
-0.055741,-0.077659,0.777351,-0.004668,-0.036141,-0.936060,0.349948,-0.009767,-0.246545,-0.526054,0.120633,-0.060213,-0.066070,-0.229634,0.035395,0.644680,0.517056,-0.203142,0.203335,-0.005860,-0.014520,0.149052,-0.134416,0.259754,-0.466435,0.910834,0.127615,0.097839,-0.015609,-0.151752,-0.223928,0.728133,1.051259,0.026680,0.071539,0.099401
-0.064217,-0.072998,0.777881,-0.004832,-0.033312,-0.918611,0.393727,-0.007131,-0.247347,-0.616697,0.124722,-0.058961,-0.099049,-0.204450,0.007476,0.559063,0.493057,-0.215806,0.191163,0.006977,-0.011666,0.146938,-0.131277,0.257299,-0.452506,0.913619,0.124813,0.096009,-0.009826,-0.154335,-0.223524,0.741697,1.061125,0.019356,0.070611,0.102247
-0.073778,-0.068061,0.779007,-0.002528,-0.026501,-0.901580,0.431792,-0.022583,-0.245831,-0.698389,0.152432,-0.072150,-0.131672,-0.179366,-0.014807,0.458206,0.447847,-0.223448,0.162173,0.025914,-0.003610,0.134920,-0.124545,0.257428,-0.443465,0.915673,0.128434,0.096927,-0.009324,-0.160173,-0.221966,0.758228,1.079579,0.014865,0.073678,0.101774
-0.083945,-0.062426,0.780736,-0.002684,-0.015833,-0.885013,0.465289,-0.041556,-0.236012,-0.773424,0.190745,-0.093631,-0.159718,-0.137854,-0.021304,0.370806,0.367796,-0.209237,0.142805,0.047227,0.011546,0.123968,-0.114836,0.261492,-0.434305,0.914377,0.125550,0.099559,-0.007383,-0.170487,-0.219407,0.771697,1.099723,0.007803,0.079127,0.106226
-0.094728,-0.056143,0.782782,-0.005434,-0.003502,-0.869506,0.493880,-0.056230,-0.216017,-0.842812,0.222463,-0.115036,-0.187952,-0.092735,-0.009096,0.294470,0.279965,-0.175443,0.114970,0.071062,0.028775,0.117086,-0.097689,0.269252,-0.411103,0.903760,0.136002,0.103439,-0.009364,-0.185315,-0.217694,0.786648,1.113343,-0.004674,0.084845,0.110693
-0.105215,-0.049629,0.783876,-0.012095,0.004876,-0.855133,0.518245,-0.062554,-0.200495,-0.902180,0.258708,-0.140042,-0.212698,-0.039640,0.009027,0.232553,0.193373,-0.139455,0.088318,0.094482,0.043237,0.122558,-0.073485,0.276947,-0.377343,0.883512,0.141918,0.111352,-0.003433,-0.203456,-0.218932,0.799074,1.119051,-0.009343,0.086668,0.113693
-0.114793,-0.042769,0.783484,-0.019166,0.009312,-0.839829,0.542432,-0.069488,-0.198659,-0.957549,0.305867,-0.166868,-0.241028,0.002405,0.025676,0.171339,0.136860,-0.120003,0.069283,0.108812,0.052516,0.136081,-0.047562,0.282987,-0.338105,0.861222,0.152022,0.123153,0.009006,-0.223973,-0.225039,0.808081,1.111857,-0.015772,0.087378,0.111839
-0.123063,-0.035780,0.782154,-0.023308,0.011718,-0.825048,0.564461,-0.084228,-0.205176,-0.989035,0.354839,-0.188020,-0.261800,0.019733,0.038573,0.115996,0.119434,-0.118404,0.062266,0.120270,0.056283,0.150053,-0.023463,0.285509,-0.298174,0.846878,0.148228,0.129763,0.025718,-0.243412,-0.236467,0.805168,1.091846,-0.012049,0.084822,0.108792
-0.129709,-0.029233,0.781138,-0.026921,0.011745,-0.812206,0.582631,-0.108831,-0.203124,-0.938069,0.393605,-0.191561,-0.261800,0.028519,0.047201,0.071315,0.117890,-0.122654,0.055742,0.133826,0.059435,0.168973,-0.006114,0.280779,-0.263777,0.848603,0.126234,0.132854,0.040046,-0.261124,-0.253652,0.793843,1.066692,0.005777,0.077904,0.102758
-0.135794,-0.023633,0.780699,-0.029061,0.009353,-0.797837,0.602100,-0.148578,-0.199726,-0.832000,0.440352,-0.183173,-0.261800,0.038342,0.048064,0.022577,0.118053,-0.126794,0.046139,0.138736,0.058026,0.185982,0.009012,0.270329,-0.240054,0.867375,0.111668,0.136884,0.049817,-0.269040,-0.272350,0.778908,1.045353,0.032589,0.066640,0.091227
-0.141504,-0.018500,0.780003,-0.027735,0.009013,-0.780118,0.624953,-0.209758,-0.192851,-0.720921,0.513197,-0.206329,-0.261800,0.040212,0.046189,-0.030639,0.118642,-0.131155,0.036948,0.129450,0.053601,0.190897,0.022194,0.257478,-0.233555,0.896307,0.110805,0.144150,0.046291,-0.267455,-0.286431,0.757964,1.033138,0.051531,0.058777,0.082571
-0.146073,-0.014891,0.779579,-0.025529,0.008520,-0.764191,0.644428,-0.260660,-0.168223,-0.592455,0.571831,-0.234376,-0.231197,0.040742,0.041740,-0.075632,0.118996,-0.134148,0.029415,0.120370,0.049193,0.190320,0.032705,0.246024,-0.248952,0.925712,0.126431,0.147988,0.027529,-0.259753,-0.293328,0.730928,1.031309,0.052607,0.058096,0.081145
-0.149788,-0.012080,0.779840,-0.023966,0.008274,-0.752204,0.658443,-0.298072,-0.121864,-0.450614,0.622571,-0.257126,-0.176799,0.040776,0.039582,-0.110197,0.119363,-0.135098,0.020453,0.114609,0.046798,0.190353,0.040101,0.237744,-0.277184,0.948292,0.156171,0.147920,-0.003194,-0.252223,-0.292836,0.709711,1.034329,0.051264,0.060485,0.078789
-0.152896,-0.009620,0.780218,-0.022343,0.007584,-0.742516,0.669412,-0.323064,-0.060114,-0.305777,0.672658,-0.280506,-0.116036,0.040883,0.035636,-0.139882,0.119575,-0.138869,0.017548,0.108738,0.042755,0.191233,0.043314,0.231331,-0.308203,0.966444,0.196301,0.142883,-0.031401,-0.243272,-0.285535,0.694369,1.040163,0.050527,0.060830,0.076896
-0.155558,-0.007979,0.780597,-0.021947,0.006392,-0.733134,0.679700,-0.327767,0.007126,-0.178980,0.711024,-0.299398,-0.059527,0.044103,0.032555,-0.165954,0.119862,-0.141586,0.011245,0.099549,0.038303,0.192449,0.043392,0.225160,-0.332297,0.980326,0.229847,0.136519,-0.046588,-0.229662,-0.272627,0.687129,1.043278,0.049181,0.062579,0.078114
-0.157669,-0.007247,0.780806,-0.021504,0.004835,-0.724587,0.688831,-0.311656,0.065463,-0.084834,0.715425,-0.308086,-0.029009,0.049056,0.028526,-0.188915,0.120162,-0.145901,0.007642,0.088209,0.032285,0.192539,0.039297,0.219880,-0.351712,0.988357,0.247864,0.131822,-0.043299,-0.212684,-0.256011,0.689638,1.042331,0.041375,0.064967,0.081866
-0.159042,-0.007373,0.780913,-0.020235,0.004643,-0.717696,0.696047,-0.283184,0.108714,-0.026539,0.679519,-0.308349,-0.016763,0.050893,0.025331,-0.207075,0.120421,-0.150215,0.005339,0.076324,0.026769,0.187068,0.032739,0.216218,-0.364293,0.988010,0.247773,0.129098,-0.033039,-0.193664,-0.237846,0.701763,1.038471,0.026082,0.066157,0.089805
-0.159429,-0.008463,0.781232,-0.017474,0.004690,-0.712178,0.701766,-0.242893,0.141635,0.023105,0.600700,-0.297944,-0.018616,0.050605,0.019228,-0.220309,0.120750,-0.154060,0.004863,0.063335,0.019856,0.177929,0.024590,0.213836,-0.369099,0.979904,0.242954,0.127040,-0.021453,-0.174763,-0.219817,0.724055,1.036610,0.013658,0.067917,0.096644
-0.158659,-0.010263,0.781836,-0.012588,0.003619,-0.707243,0.706849,-0.196678,0.158820,0.070386,0.498020,-0.268517,-0.024263,0.049305,0.006067,-0.230522,0.121303,-0.157892,0.006853,0.048861,0.009735,0.166713,0.012713,0.212086,-0.372684,0.971843,0.247024,0.125380,-0.014100,-0.154826,-0.202764,0.742597,1.038252,-0.001892,0.070330,0.105223
-0.156445,-0.012366,0.782705,-0.007603,0.002803,-0.704121,0.710034,-0.133898,0.150690,0.090290,0.357116,-0.206325,-0.111895,0.047447,-0.008552,-0.237250,0.121549,-0.160511,0.011469,0.036555,0.002731,0.155219,-0.004723,0.211501,-0.383736,0.973662,0.264361,0.125800,0.004147,-0.136590,-0.188113,0.757064,1.046585,-0.012505,0.072949,0.111812
-0.153079,-0.014501,0.784519,-0.000424,-0.000033,-0.702554,0.711630,-0.099809,0.122475,0.097614,0.278348,-0.179779,-0.090605,0.039748,-0.033098,-0.239691,0.132425,-0.167311,0.020070,0.026106,-0.008174,0.145839,-0.023285,0.211136,-0.387481,0.967351,0.235003,0.126506,0.006692,-0.122892,-0.176794,0.770055,1.061182,-0.015203,0.076110,0.116283
-0.149127,-0.016891,0.786127,0.002803,-0.005575,-0.703473,0.710695,-0.049665,0.098677,0.110708,0.190417,-0.137798,-0.089928,0.040687,-0.055626,-0.235781,0.145686,-0.174481,0.028896,0.019939,-0.016661,0.144839,-0.039993,0.210610,-0.390029,0.956020,0.211999,0.121595,0.002637,-0.112154,-0.167614,0.783336,1.083510,-0.016000,0.078888,0.119036
-0.145074,-0.019291,0.786711,0.001819,-0.008472,-0.706570,0.707591,-0.015237,0.089957,0.124039,0.144482,-0.121997,-0.092810,0.045884,-0.064636,-0.227321,0.151781,-0.177889,0.034194,0.016876,-0.014086,0.145435,-0.056151,0.210469,-0.400304,0.940367,0.218968,0.124265,0.002447,-0.104558,-0.160351,0.792824,1.108037,-0.031084,0.084115,0.123981
-0.140762,-0.021556,0.786318,-0.001597,-0.009631,-0.710919,0.703206,0.002598,0.091106,0.138391,0.137807,-0.128482,-0.100252,0.054625,-0.065740,-0.216432,0.150348,-0.177168,0.041672,0.012897,-0.005843,0.146574,-0.069887,0.212267,-0.414315,0.919993,0.227696,0.121269,0.004687,-0.103153,-0.155124,0.804343,1.127402,-0.031207,0.092887,0.129057
-0.136482,-0.024154,0.785846,-0.005758,-0.012507,-0.715721,0.698250,0.021892,0.089597,0.153027,0.138335,-0.139684,-0.097566,0.065970,-0.069078,-0.204636,0.152674,-0.180003,0.048850,0.007297,0.000485,0.151326,-0.079374,0.215536,-0.425482,0.895731,0.220492,0.118513,0.005236,-0.104182,-0.152911,0.805857,1.136455,-0.009029,0.090451,0.127032
-0.132557,-0.027111,0.785449,-0.009203,-0.014350,-0.720579,0.693163,0.037878,0.088681,0.167357,0.140448,-0.150333,-0.092567,0.074826,-0.071182,-0.192237,0.154965,-0.182068,0.054990,-0.000892,0.005477,0.150988,-0.085102,0.219803,-0.437154,0.880087,0.211615,0.113221,0.006867,-0.105986,-0.151939,0.803318,1.137186,-0.012125,0.089595,0.121570
-0.129182,-0.030220,0.784868,-0.012506,-0.015641,-0.726196,0.687196,0.054590,0.089436,0.182968,0.140698,-0.159566,-0.090945,0.082322,-0.071466,-0.177483,0.156498,-0.183642,0.059992,-0.007530,0.007713,0.147734,-0.087362,0.225489,-0.450421,0.874663,0.203079,0.110156,0.008044,-0.107391,-0.150290,0.799622,1.133054,-0.023972,0.087436,0.115973
-0.126227,-0.033277,0.784390,-0.015420,-0.015922,-0.732459,0.680450,0.069805,0.091937,0.200696,0.140066,-0.167367,-0.091032,0.087261,-0.069654,-0.160736,0.157356,-0.184236,0.063648,-0.013655,0.010630,0.142176,-0.087532,0.229527,-0.462189,0.878041,0.205904,0.110028,0.002605,-0.110143,-0.147672,0.796152,1.127729,-0.034660,0.087691,0.115001
-0.123520,-0.035994,0.784033,-0.017371,-0.015986,-0.738233,0.674133,0.081961,0.092963,0.217688,0.139696,-0.173491,-0.089163,0.089597,-0.068966,-0.144564,0.158761,-0.184577,0.067482,-0.020123,0.011608,0.136381,-0.087514,0.233560,-0.476468,0.887319,0.204928,0.109903,0.000065,-0.114271,-0.143595,0.790930,1.119770,-0.024837,0.088465,0.115505
-0.121334,-0.038334,0.783795,-0.019000,-0.016660,-0.742362,0.669523,0.092120,0.092175,0.228904,0.139954,-0.178557,-0.086324,0.092676,-0.069874,-0.133205,0.160818,-0.185587,0.070763,-0.027902,0.009371,0.132558,-0.088123,0.236902,-0.490916,0.902864,0.197778,0.110819,-0.004278,-0.115093,-0.138472,0.780071,1.105486,-0.020405,0.086180,0.113534
-0.119344,-0.040276,0.783684,-0.020318,-0.017550,-0.745202,0.666298,0.100978,0.090376,0.237780,0.139211,-0.181999,-0.084643,0.095689,-0.071791,-0.125236,0.163225,-0.186935,0.073141,-0.034819,0.004754,0.128833,-0.089733,0.238405,-0.506496,0.926187,0.205903,0.111457,-0.006059,-0.114507,-0.132809,0.773863,1.090531,-0.018024,0.084164,0.108946
-0.117749,-0.041947,0.783561,-0.021231,-0.018361,-0.746634,0.664643,0.107604,0.088280,0.242549,0.138078,-0.183731,-0.084117,0.098745,-0.074161,-0.120969,0.165027,-0.188414,0.075082,-0.040581,-0.000102,0.125888,-0.089623,0.237021,-0.516759,0.948137,0.212502,0.113841,-0.009635,-0.111738,-0.127286,0.768328,1.076532,-0.018552,0.080946,0.105848
-0.116398,-0.043148,0.783372,-0.022868,-0.019632,-0.747468,0.663614,0.115298,0.086617,0.245888,0.137354,-0.186788,-0.083351,0.104296,-0.075903,-0.118649,0.165724,-0.189890,0.077688,-0.043765,-0.004369,0.125812,-0.086708,0.232092,-0.517308,0.963963,0.220378,0.117844,-0.012687,-0.109450,-0.122214,0.769371,1.065649,-0.016176,0.080014,0.106243
-0.115321,-0.044173,0.783188,-0.023644,-0.020260,-0.747755,0.663244,0.119921,0.084778,0.247324,0.136079,-0.188561,-0.083173,0.107399,-0.077586,-0.117296,0.166320,-0.191292,0.079282,-0.044532,-0.007764,0.124517,-0.081989,0.225966,-0.516725,0.973896,0.218171,0.117412,-0.012809,-0.105742,-0.118219,0.772668,1.057312,-0.015586,0.078708,0.107972
-0.114611,-0.045052,0.783097,-0.024008,-0.020447,-0.747205,0.663845,0.121505,0.083602,0.245413,0.136553,-0.190274,-0.081742,0.109821,-0.078868,-0.118797,0.166496,-0.192423,0.080356,-0.044660,-0.009802,0.122671,-0.075476,0.219030,-0.516096,0.977026,0.215213,0.117802,-0.011912,-0.103237,-0.114757,0.781579,1.056196,-0.014607,0.078151,0.111754
-0.114255,-0.045567,0.783084,-0.022971,-0.019801,-0.746046,0.665204,0.118813,0.081977,0.242602,0.136097,-0.190247,-0.080549,0.109330,-0.080491,-0.122462,0.165215,-0.192631,0.081982,-0.042680,-0.011336,0.118108,-0.069407,0.212136,-0.519132,0.977356,0.216959,0.117931,-0.014491,-0.100682,-0.111802,0.786453,1.059898,-0.015026,0.080964,0.119418
-0.114012,-0.045670,0.783156,-0.021765,-0.019195,-0.744660,0.666813,0.115047,0.080068,0.238771,0.135567,-0.189284,-0.079481,0.107654,-0.082284,-0.126206,0.164804,-0.192756,0.082526,-0.039526,-0.012836,0.115699,-0.063152,0.205718,-0.522566,0.975510,0.220130,0.117484,-0.016198,-0.100379,-0.109784,0.785537,1.068737,-0.011662,0.084627,0.129088
-0.113999,-0.045721,0.783112,-0.021272,-0.019592,-0.742369,0.669367,0.113231,0.077563,0.232192,0.135380,-0.188618,-0.078679,0.109417,-0.084656,-0.132906,0.164518,-0.193921,0.083107,-0.036032,-0.014311,0.116114,-0.057764,0.199732,-0.527863,0.975313,0.216665,0.114184,-0.018445,-0.100754,-0.108983,0.785560,1.079904,-0.007362,0.087012,0.131013
-0.114071,-0.045597,0.783086,-0.020332,-0.020044,-0.739502,0.672548,0.109706,0.074222,0.224250,0.135829,-0.187471,-0.076538,0.110523,-0.087910,-0.140628,0.164578,-0.195189,0.083735,-0.033028,-0.015685,0.116488,-0.053299,0.194412,-0.537465,0.976326,0.221785,0.114708,-0.020152,-0.103023,-0.109826,0.792534,1.091931,-0.013552,0.086719,0.124658
-0.114320,-0.045324,0.783041,-0.019818,-0.020892,-0.735900,0.676478,0.106827,0.070969,0.214527,0.136524,-0.186553,-0.074959,0.113510,-0.091108,-0.150766,0.164582,-0.196461,0.084118,-0.030149,-0.016519,0.117515,-0.050364,0.187896,-0.546516,0.981875,0.225320,0.115741,-0.022069,-0.104110,-0.113111,0.802105,1.100042,-0.019169,0.084523,0.120346
-0.114670,-0.044951,0.783053,-0.018628,-0.021037,-0.732565,0.680117,0.101801,0.068036,0.205238,0.136958,-0.184645,-0.073553,0.113959,-0.093792,-0.159673,0.164132,-0.197509,0.084270,-0.026884,-0.017101,0.117164,-0.046396,0.183053,-0.553395,0.987146,0.224414,0.115410,-0.024896,-0.104642,-0.117269,0.808339,1.103903,-0.029694,0.085713,0.120316
-0.115053,-0.044495,0.783095,-0.017343,-0.020815,-0.729279,0.683680,0.095995,0.065698,0.196154,0.137580,-0.182555,-0.072122,0.114149,-0.095967,-0.169232,0.162693,-0.197698,0.085092,-0.024346,-0.017002,0.116662,-0.041980,0.177734,-0.556734,0.993393,0.225111,0.114930,-0.025849,-0.104631,-0.123760,0.814543,1.104677,-0.026142,0.085454,0.121995
-0.115529,-0.044156,0.783126,-0.016882,-0.020906,-0.726173,0.686987,0.092008,0.064181,0.186660,0.138571,-0.181414,-0.071472,0.115727,-0.097100,-0.177641,0.161997,-0.198080,0.084807,-0.021807,-0.016457,0.117080,-0.036125,0.173241,-0.558947,0.999136,0.228856,0.116961,-0.025523,-0.104094,-0.130197,0.818223,1.104168,-0.022953,0.085660,0.124680
-0.116222,-0.043691,0.783186,-0.016417,-0.021083,-0.723269,0.690049,0.088317,0.063145,0.178812,0.139711,-0.179852,-0.071062,0.117143,-0.097951,-0.186034,0.161458,-0.198929,0.083926,-0.019762,-0.017056,0.118074,-0.029889,0.170416,-0.558978,1.004032,0.231070,0.116379,-0.027788,-0.103641,-0.134878,0.818744,1.102336,-0.023102,0.086737,0.123212
-0.116895,-0.043192,0.783282,-0.015373,-0.020662,-0.720742,0.692725,0.083099,0.062152,0.171904,0.140303,-0.178187,-0.070576,0.116421,-0.098646,-0.193014,0.160470,-0.199033,0.083375,-0.017622,-0.017811,0.117359,-0.024724,0.168599,-0.560072,1.008204,0.232244,0.116469,-0.028500,-0.103144,-0.138936,0.816217,1.100229,-0.021853,0.086710,0.122973
-0.117732,-0.042835,0.783333,-0.014953,-0.020857,-0.718202,0.695361,0.080099,0.061372,0.164590,0.140879,-0.176754,-0.071034,0.117694,-0.099099,-0.199966,0.159967,-0.199544,0.082457,-0.016675,-0.019084,0.117991,-0.019655,0.168180,-0.561730,1.011361,0.234998,0.117870,-0.029528,-0.103403,-0.140610,0.814467,1.099887,-0.018805,0.086495,0.121522
-0.118452,-0.042359,0.783413,-0.014421,-0.020742,-0.716634,0.696992,0.076838,0.061281,0.160932,0.141923,-0.175430,-0.070532,0.117278,-0.099061,-0.204428,0.159662,-0.199727,0.081417,-0.013838,-0.019135,0.118002,-0.015689,0.168071,-0.563821,1.014360,0.234482,0.118234,-0.031816,-0.103840,-0.142066,0.814448,1.098595,-0.017381,0.086746,0.119720
-0.119288,-0.041974,0.783456,-0.013956,-0.020686,-0.715466,0.698202,0.074252,0.061369,0.157998,0.142483,-0.174370,-0.070460,0.117134,-0.098796,-0.207727,0.159006,-0.199735,0.080984,-0.011087,-0.019421,0.118299,-0.011966,0.168128,-0.563997,1.016456,0.236140,0.117795,-0.031237,-0.104553,-0.142579,0.814945,1.096778,-0.020502,0.085805,0.120553
-0.120201,-0.041750,0.783484,-0.014159,-0.020887,-0.715281,0.698381,0.074232,0.062752,0.157169,0.143014,-0.174395,-0.071620,0.117490,-0.097399,-0.208191,0.159214,-0.200300,0.079086,-0.006414,-0.019107,0.119680,-0.009862,0.168406,-0.564149,1.018587,0.237511,0.118085,-0.031891,-0.104082,-0.142500,0.816044,1.093218,-0.023383,0.085998,0.121267
-0.121017,-0.041551,0.783466,-0.013520,-0.020592,-0.715112,0.698576,0.072312,0.063334,0.156328,0.142883,-0.173383,-0.072227,0.116155,-0.096690,-0.209124,0.158667,-0.200379,0.078321,-0.002953,-0.019389,0.119470,-0.008446,0.169397,-0.564416,1.019450,0.235774,0.118463,-0.031435,-0.104958,-0.141599,0.821295,1.090390,-0.021827,0.085190,0.120379
-0.121783,-0.041403,0.783502,-0.013020,-0.020304,-0.714902,0.698809,0.070579,0.064020,0.155106,0.142884,-0.172767,-0.072837,0.115219,-0.095770,-0.209730,0.157921,-0.199885,0.077992,-0.000730,-0.019506,0.119758,-0.008112,0.170321,-0.564577,1.020617,0.233554,0.118572,-0.030637,-0.105169,-0.140172,0.824362,1.086526,-0.023871,0.084983,0.120546
-0.122524,-0.041149,0.783504,-0.012944,-0.020228,-0.714770,0.698947,0.069834,0.065167,0.155121,0.143120,-0.172146,-0.073718,0.114562,-0.094737,-0.210031,0.158244,-0.200335,0.076185,0.000812,-0.019154,0.121877,-0.009239,0.171072,-0.563366,1.020349,0.233205,0.118714,-0.031317,-0.106755,-0.138506,0.827776,1.083573,-0.022965,0.083823,0.122059
-0.123169,-0.040995,0.783506,-0.012747,-0.020180,-0.714535,0.699193,0.068819,0.065885,0.154519,0.143333,-0.171696,-0.074173,0.114315,-0.093914,-0.210885,0.157835,-0.199980,0.075557,0.001427,-0.018812,0.124124,-0.011312,0.171352,-0.562182,1.018941,0.232526,0.118274,-0.030595,-0.107803,-0.137199,0.831173,1.081491,-0.026192,0.084537,0.121167
-0.123806,-0.040734,0.783564,-0.012455,-0.019958,-0.714363,0.699380,0.067489,0.066639,0.153640,0.143252,-0.170836,-0.075112,0.113216,-0.093036,-0.211394,0.157892,-0.199707,0.074244,0.001306,-0.018904,0.126368,-0.014706,0.171578,-0.561583,1.016026,0.235464,0.119108,-0.030044,-0.109624,-0.135289,0.833153,1.080760,-0.027939,0.084162,0.121366
-0.124325,-0.040533,0.783578,-0.012459,-0.020081,-0.714131,0.699613,0.066970,0.067167,0.152466,0.143759,-0.170419,-0.075347,0.113316,-0.092441,-0.211974,0.157699,-0.199281,0.073936,0.001020,-0.019009,0.129025,-0.018598,0.171544,-0.562827,1.012593,0.232408,0.116757,-0.029363,-0.111062,-0.134443,0.835880,1.080839,-0.026210,0.084204,0.121364
-0.124844,-0.040499,0.783611,-0.012581,-0.020048,-0.713937,0.699810,0.066464,0.068264,0.152901,0.144688,-0.170359,-0.075153,0.113382,-0.091485,-0.212684,0.158083,-0.199420,0.072431,0.000382,-0.018509,0.130782,-0.021896,0.171258,-0.564158,1.006966,0.234939,0.117076,-0.029271,-0.111620,-0.133804,0.836634,1.082129,-0.026190,0.084290,0.122363
-0.125231,-0.040372,0.783640,-0.012583,-0.020003,-0.714058,0.699687,0.066120,0.069026,0.152651,0.145028,-0.169936,-0.075596,0.113051,-0.090683,-0.212489,0.158060,-0.199104,0.071851,0.000202,-0.018187,0.132572,-0.026352,0.170736,-0.566176,1.001078,0.234176,0.117235,-0.030594,-0.112894,-0.133501,0.837703,1.085145,-0.023605,0.083318,0.122248
-0.125578,-0.040425,0.783627,-0.012473,-0.019945,-0.713869,0.699884,0.065403,0.069454,0.152029,0.145826,-0.170105,-0.075065,0.112856,-0.090279,-0.212764,0.158291,-0.199066,0.071236,-0.001151,-0.017806,0.133566,-0.029475,0.170048,-0.567886,0.993952,0.232871,0.115993,-0.028284,-0.113452,-0.133619,0.838897,1.088812,-0.025752,0.082997,0.120839
-0.125819,-0.040469,0.783617,-0.012240,-0.019623,-0.713651,0.700120,0.064570,0.069891,0.151308,0.145525,-0.169828,-0.075742,0.112221,-0.089699,-0.212957,0.157897,-0.198815,0.070812,-0.002331,-0.017118,0.133772,-0.033298,0.168895,-0.569521,0.988090,0.235199,0.115687,-0.028616,-0.113683,-0.134304,0.837422,1.091660,-0.024020,0.083959,0.121950
-0.125952,-0.040427,0.783636,-0.011845,-0.019383,-0.713728,0.700054,0.063631,0.069751,0.151221,0.145165,-0.169282,-0.075872,0.111276,-0.089759,-0.213261,0.157759,-0.198664,0.070742,-0.003845,-0.016609,0.134140,-0.036950,0.167394,-0.570818,0.983532,0.229188,0.114441,-0.028891,-0.113734,-0.135632,0.835564,1.094759,-0.022045,0.083331,0.120856
-0.125977,-0.040396,0.783636,-0.011619,-0.019171,-0.713570,0.700226,0.062984,0.069719,0.150658,0.144663,-0.169002,-0.076472,0.110632,-0.089731,-0.213666,0.157754,-0.198463,0.070402,-0.005412,-0.015956,0.134346,-0.040616,0.165622,-0.572675,0.981147,0.233899,0.116686,-0.028627,-0.113850,-0.137393,0.836160,1.096884,-0.020997,0.082968,0.121565
-0.125963,-0.040445,0.783583,-0.011664,-0.019251,-0.713817,0.699970,0.063124,0.069816,0.151519,0.145373,-0.169575,-0.075407,0.110470,-0.089756,-0.212476,0.157997,-0.198627,0.070531,-0.006490,-0.015028,0.135144,-0.043976,0.163516,-0.573938,0.980990,0.231215,0.116212,-0.028913,-0.113996,-0.139583,0.837017,1.097926,-0.020331,0.084873,0.121391
-0.125847,-0.040412,0.783572,-0.011885,-0.019512,-0.714175,0.699594,0.064403,0.069712,0.152851,0.144788,-0.169333,-0.076207,0.110851,-0.089880,-0.211430,0.158384,-0.199081,0.070391,-0.008146,-0.014104,0.136234,-0.046251,0.161471,-0.575111,0.982432,0.229694,0.113233,-0.028316,-0.113714,-0.141704,0.836133,1.098972,-0.021131,0.085138,0.121187
-0.125749,-0.040605,0.783545,-0.011870,-0.019313,-0.714539,0.699228,0.064623,0.069883,0.153248,0.144789,-0.169951,-0.076184,0.110504,-0.089632,-0.210670,0.158417,-0.198885,0.070270,-0.009240,-0.012853,0.135232,-0.047862,0.159830,-0.578251,0.983340,0.231736,0.115474,-0.028670,-0.112207,-0.143342,0.834624,1.098706,-0.020703,0.084902,0.120757
-0.125608,-0.040907,0.783464,-0.011974,-0.019371,-0.714960,0.698795,0.065693,0.070069,0.154602,0.144752,-0.170723,-0.076061,0.110936,-0.089586,-0.209224,0.158282,-0.199146,0.070819,-0.010442,-0.012532,0.134125,-0.047970,0.159310,-0.580659,0.985257,0.231797,0.114347,-0.029544,-0.110506,-0.144014,0.834329,1.097636,-0.019879,0.085176,0.119882
-0.125480,-0.041113,0.783441,-0.011833,-0.019459,-0.715549,0.698191,0.066089,0.069677,0.156254,0.145223,-0.171410,-0.074669,0.110602,-0.090042,-0.207532,0.158540,-0.199395,0.071428,-0.010907,-0.012497,0.132729,-0.047677,0.159208,-0.581944,0.987288,0.232163,0.114832,-0.031354,-0.108630,-0.144287,0.832043,1.095982,-0.020485,0.085028,0.120556
-0.125365,-0.041273,0.783427,-0.012432,-0.019718,-0.716314,0.697389,0.068475,0.070381,0.158642,0.145001,-0.172224,-0.075540,0.111552,-0.089500,-0.205812,0.159065,-0.199747,0.070917,-0.009948,-0.011958,0.132694,-0.047177,0.159350,-0.581783,0.990114,0.232612,0.114607,-0.031107,-0.106317,-0.144221,0.830206,1.094091,-0.022989,0.084809,0.119920
-0.125189,-0.041480,0.783375,-0.012417,-0.019740,-0.716827,0.696861,0.068929,0.070358,0.159876,0.145406,-0.173012,-0.074720,0.111238,-0.089644,-0.203865,0.159473,-0.199806,0.071163,-0.008940,-0.011981,0.131783,-0.047442,0.159769,-0.582027,0.993363,0.232141,0.114872,-0.030755,-0.104644,-0.143857,0.830518,1.092286,-0.022338,0.084707,0.120180
-0.125001,-0.041632,0.783320,-0.013261,-0.020258,-0.717480,0.696158,0.071926,0.070805,0.161945,0.145374,-0.174091,-0.075215,0.112993,-0.089287,-0.202109,0.159870,-0.199974,0.071371,-0.007262,-0.011761,0.132730,-0.046615,0.160485,-0.580512,0.996333,0.232829,0.114831,-0.029449,-0.103045,-0.143033,0.830908,1.090896,-0.023268,0.084576,0.120988
-0.124814,-0.041647,0.783327,-0.013531,-0.020762,-0.718112,0.695486,0.073620,0.070418,0.163397,0.145508,-0.174119,-0.074768,0.113816,-0.089816,-0.200900,0.160190,-0.200264,0.072145,-0.006309,-0.012915,0.133114,-0.045360,0.161876,-0.577402,0.997439,0.232167,0.116062,-0.028853,-0.103294,-0.140937,0.832404,1.090899,-0.023319,0.085270,0.121577
-0.124566,-0.041748,0.783242,-0.014072,-0.021129,-0.718453,0.695112,0.075568,0.070408,0.164747,0.145441,-0.175107,-0.074730,0.114920,-0.089905,-0.199688,0.160775,-0.200618,0.072204,-0.004974,-0.013403,0.133494,-0.044588,0.162796,-0.575704,0.999061,0.230892,0.116271,-0.028361,-0.103146,-0.139561,0.832928,1.090960,-0.022141,0.085135,0.122651
-0.124295,-0.041848,0.783274,-0.013880,-0.020755,-0.718586,0.694990,0.074702,0.070453,0.164823,0.145750,-0.175254,-0.074056,0.113813,-0.089916,-0.198980,0.160880,-0.200220,0.072253,-0.003795,-0.013716,0.131924,-0.044172,0.163269,-0.575277,0.999650,0.228712,0.116367,-0.027459,-0.102973,-0.138922,0.833354,1.090262,-0.021316,0.085203,0.123176
-0.123977,-0.041815,0.783280,-0.013919,-0.020915,-0.718610,0.694959,0.075112,0.069680,0.165016,0.145509,-0.175103,-0.073671,0.114186,-0.090649,-0.199006,0.160806,-0.200157,0.073288,-0.002750,-0.014709,0.131341,-0.043242,0.163719,-0.574306,1.000393,0.227320,0.114402,-0.026436,-0.103243,-0.138404,0.833314,1.090237,-0.022635,0.084356,0.123587
-0.123673,-0.041747,0.783246,-0.013967,-0.020934,-0.718494,0.695077,0.074988,0.069195,0.164993,0.145701,-0.175448,-0.072878,0.113967,-0.091193,-0.199285,0.161392,-0.200548,0.072998,-0.001930,-0.015518,0.131299,-0.042418,0.163962,-0.572851,1.000233,0.224931,0.112854,-0.025368,-0.104014,-0.138150,0.832721,1.090263,-0.024112,0.083917,0.122723
-0.123311,-0.041727,0.783247,-0.014067,-0.020847,-0.718198,0.695384,0.074900,0.068746,0.164234,0.145293,-0.175688,-0.072837,0.114207,-0.091495,-0.199945,0.161231,-0.200105,0.073528,-0.001237,-0.016184,0.131034,-0.041435,0.163995,-0.571468,0.999296,0.225460,0.113265,-0.025162,-0.105710,-0.138145,0.834553,1.091585,-0.022559,0.083501,0.121716
-0.122912,-0.041577,0.783257,-0.014248,-0.021036,-0.718205,0.695367,0.074906,0.068189,0.164230,0.146157,-0.175740,-0.071345,0.114246,-0.092145,-0.199550,0.161718,-0.199770,0.074193,-0.000621,-0.016839,0.131633,-0.040299,0.163746,-0.570533,0.997882,0.228954,0.114382,-0.024843,-0.107644,-0.138340,0.834975,1.092450,-0.021812,0.084002,0.121174
-0.122551,-0.041394,0.783249,-0.014406,-0.021274,-0.718082,0.695484,0.075434,0.067359,0.163692,0.145585,-0.175316,-0.071585,0.114743,-0.092923,-0.200353,0.161853,-0.200062,0.074541,-0.000199,-0.017536,0.132428,-0.039746,0.163239,-0.569884,0.996994,0.228278,0.114664,-0.027237,-0.109403,-0.138697,0.834586,1.093739,-0.019183,0.083084,0.120453
-0.122278,-0.041232,0.783241,-0.014254,-0.021102,-0.717826,0.695756,0.074470,0.066809,0.163267,0.145289,-0.175000,-0.071220,0.114194,-0.093320,-0.200858,0.161587,-0.199247,0.075210,0.000555,-0.018404,0.132277,-0.039999,0.162776,-0.570165,0.997338,0.229891,0.114790,-0.028376,-0.110942,-0.139056,0.834736,1.093847,-0.017950,0.083331,0.120513
-0.121960,-0.040968,0.783233,-0.014472,-0.021239,-0.717883,0.695689,0.074516,0.066533,0.163577,0.145912,-0.175346,-0.070132,0.113986,-0.093758,-0.200258,0.162137,-0.199419,0.075295,0.001246,-0.018833,0.133246,-0.039956,0.162004,-0.569744,0.997332,0.228315,0.113446,-0.028667,-0.112268,-0.139692,0.835470,1.093304,-0.018558,0.083474,0.120218
-0.121622,-0.040687,0.783340,-0.014112,-0.020927,-0.718088,0.695494,0.073140,0.066061,0.164397,0.145868,-0.174838,-0.069214,0.112399,-0.094255,-0.200100,0.162075,-0.198729,0.075777,0.001991,-0.018987,0.132871,-0.039976,0.161296,-0.569413,0.996944,0.228947,0.113988,-0.027943,-0.112957,-0.140218,0.835459,1.092403,-0.020165,0.084448,0.120656
-0.121297,-0.040478,0.783301,-0.014518,-0.021138,-0.718307,0.695253,0.073936,0.065854,0.164292,0.145751,-0.174766,-0.069551,0.112464,-0.094456,-0.199287,0.162856,-0.198709,0.075405,0.002859,-0.018546,0.133903,-0.040283,0.160590,-0.569317,0.997184,0.229350,0.113935,-0.027337,-0.112958,-0.140716,0.836384,1.091545,-0.023384,0.084839,0.120012
-0.121055,-0.040254,0.783300,-0.014798,-0.021376,-0.718270,0.695278,0.074218,0.065586,0.164622,0.146424,-0.175220,-0.068260,0.113194,-0.094747,-0.199146,0.162361,-0.198364,0.076684,0.002745,-0.018394,0.134723,-0.040865,0.160380,-0.569384,0.997576,0.227911,0.113965,-0.028319,-0.111988,-0.140875,0.836168,1.090301,-0.023657,0.085094,0.119149
-0.120847,-0.039886,0.783390,-0.014480,-0.021150,-0.718260,0.695303,0.072581,0.065137,0.164564,0.146555,-0.174611,-0.067542,0.111660,-0.095216,-0.199355,0.162615,-0.197940,0.076567,0.003143,-0.018654,0.134537,-0.042211,0.160336,-0.569200,0.998242,0.229140,0.113847,-0.027905,-0.111292,-0.140908,0.836420,1.089221,-0.020984,0.085382,0.119746
-0.120624,-0.039645,0.783366,-0.015145,-0.021650,-0.718253,0.695280,0.074185,0.065019,0.164327,0.146607,-0.174877,-0.067910,0.113103,-0.095314,-0.199412,0.162736,-0.198054,0.076825,0.002785,-0.018397,0.136083,-0.042109,0.160480,-0.568495,0.998569,0.231112,0.114185,-0.026634,-0.109343,-0.140705,0.835677,1.088361,-0.026714,0.084745,0.120805
-0.120384,-0.039374,0.783384,-0.015100,-0.021710,-0.718105,0.695432,0.073664,0.064370,0.163985,0.146450,-0.174412,-0.067521,0.112841,-0.095906,-0.199651,0.162562,-0.197686,0.077481,0.002853,-0.018348,0.136322,-0.042492,0.160623,-0.568084,0.998787,0.232395,0.115139,-0.026812,-0.107849,-0.140484,0.835765,1.087664,-0.022947,0.084042,0.121717
-0.120061,-0.039104,0.783409,-0.015172,-0.021871,-0.718056,0.695476,0.073471,0.063623,0.163801,0.146773,-0.174461,-0.066500,0.112722,-0.096679,-0.200065,0.163039,-0.197621,0.077698,0.002205,-0.018032,0.136348,-0.041791,0.160781,-0.567991,0.998559,0.231604,0.115058,-0.026529,-0.106762,-0.140049,0.837129,1.088637,-0.022977,0.084432,0.122139
-0.119711,-0.038802,0.783401,-0.014990,-0.021876,-0.718065,0.695471,0.072887,0.062732,0.164100,0.146420,-0.174003,-0.065863,0.112097,-0.097478,-0.199756,0.162734,-0.197564,0.078684,0.001744,-0.017764,0.135440,-0.040695,0.160784,-0.567321,0.998181,0.232150,0.115366,-0.025804,-0.105904,-0.139732,0.837536,1.089279,-0.024091,0.085023,0.122793
-0.119375,-0.038592,0.783455,-0.015009,-0.021876,-0.718220,0.695310,0.072541,0.062375,0.164666,0.146569,-0.173746,-0.065146,0.111565,-0.097925,-0.199206,0.162858,-0.197309,0.079184,0.001500,-0.016674,0.135407,-0.039993,0.160691,-0.566893,0.998258,0.232442,0.115249,-0.026294,-0.105396,-0.139514,0.837286,1.090413,-0.023975,0.084983,0.122048
-0.118981,-0.038365,0.783467,-0.014562,-0.021493,-0.718502,0.695040,0.071164,0.061747,0.165377,0.146436,-0.173563,-0.064114,0.109569,-0.098582,-0.198619,0.163098,-0.196735,0.079435,0.000582,-0.015565,0.133761,-0.038711,0.160370,-0.565333,0.998115,0.230894,0.115440,-0.026888,-0.105574,-0.139368,0.835881,1.091391,-0.025187,0.084916,0.121840
-0.118507,-0.038133,0.783460,-0.014436,-0.021568,-0.718999,0.694526,0.071573,0.060856,0.167267,0.145363,-0.173148,-0.064006,0.108661,-0.099412,-0.196823,0.163153,-0.196719,0.080331,0.000410,-0.014267,0.133903,-0.038738,0.159883,-0.564421,0.999449,0.230430,0.115106,-0.027872,-0.106912,-0.139568,0.835499,1.091927,-0.024846,0.085026,0.121538
-0.118152,-0.037969,0.783493,-0.014372,-0.021745,-0.719459,0.694045,0.071682,0.060070,0.168417,0.145462,-0.173389,-0.062838,0.107701,-0.100272,-0.195226,0.164052,-0.196624,0.080489,0.000198,-0.013142,0.134605,-0.039156,0.159405,-0.563808,1.000499,0.228587,0.115138,-0.027078,-0.108313,-0.140142,0.835717,1.091799,-0.024875,0.084929,0.120941
-0.117867,-0.037757,0.783457,-0.014331,-0.021868,-0.719942,0.693542,0.072272,0.059514,0.169908,0.144517,-0.172748,-0.063311,0.107173,-0.100852,-0.193725,0.164206,-0.196489,0.081035,-0.000109,-0.011815,0.135397,-0.039653,0.158953,-0.563281,1.001418,0.228335,0.114957,-0.026324,-0.109836,-0.141045,0.835503,1.091470,-0.024354,0.085401,0.120522
-0.117543,-0.037451,0.783524,-0.014147,-0.021783,-0.720519,0.692949,0.071499,0.059197,0.171466,0.144994,-0.172548,-0.061863,0.105665,-0.101275,-0.191906,0.164378,-0.195587,0.081786,-0.001313,-0.010393,0.136616,-0.040236,0.158572,-0.562928,1.001230,0.230821,0.115938,-0.025595,-0.112187,-0.142500,0.835732,1.091838,-0.025413,0.085655,0.120073
-0.117247,-0.037258,0.783537,-0.014466,-0.021816,-0.721219,0.692212,0.072292,0.059470,0.173193,0.145048,-0.173557,-0.061512,0.104960,-0.101059,-0.190038,0.165129,-0.195494,0.081099,-0.002112,-0.008813,0.138504,-0.040199,0.158554,-0.562388,1.000218,0.232385,0.116418,-0.025528,-0.113877,-0.143183,0.835149,1.092891,-0.024184,0.085486,0.119260
-0.117050,-0.037123,0.783565,-0.014369,-0.021602,-0.721793,0.691623,0.072194,0.059629,0.174858,0.144469,-0.172874,-0.062045,0.103892,-0.100942,-0.188270,0.164969,-0.194791,0.081478,-0.003308,-0.006933,0.139577,-0.040372,0.158680,-0.563180,0.999258,0.233208,0.115972,-0.026072,-0.115087,-0.143908,0.833984,1.093808,-0.022056,0.085018,0.119135
-0.116912,-0.037046,0.783618,-0.014381,-0.021704,-0.722172,0.691224,0.072402,0.059448,0.176064,0.144749,-0.173024,-0.061225,0.103689,-0.101196,-0.187323,0.164965,-0.194638,0.081950,-0.004454,-0.005986,0.141152,-0.040923,0.158907,-0.564809,0.999400,0.231802,0.115569,-0.026725,-0.115003,-0.144467,0.831856,1.093013,-0.023657,0.085265,0.118607
-0.116868,-0.037085,0.783541,-0.014446,-0.021339,-0.722354,0.691043,0.072242,0.060193,0.176711,0.144418,-0.173098,-0.062106,0.103045,-0.100395,-0.186716,0.164927,-0.194323,0.081218,-0.005559,-0.004496,0.141876,-0.041592,0.159209,-0.566550,1.000261,0.231559,0.114881,-0.027026,-0.113521,-0.144706,0.829408,1.091141,-0.023133,0.085746,0.119344
-0.116796,-0.037181,0.783581,-0.014047,-0.021046,-0.722465,0.690945,0.071123,0.059978,0.176523,0.144858,-0.173421,-0.060993,0.101953,-0.100613,-0.186323,0.164860,-0.194101,0.081364,-0.006000,-0.004163,0.141736,-0.042524,0.159425,-0.567922,1.000948,0.230979,0.115271,-0.028102,-0.111445,-0.144683,0.828460,1.089365,-0.021710,0.085035,0.121064
-0.116872,-0.037324,0.783566,-0.014156,-0.021251,-0.722501,0.690899,0.071851,0.059966,0.177255,0.144999,-0.173383,-0.060952,0.102829,-0.100709,-0.186332,0.164722,-0.194311,0.081790,-0.006237,-0.004416,0.142726,-0.042747,0.159524,-0.567020,1.000235,0.231630,0.115299,-0.028536,-0.108787,-0.144355,0.828457,1.088547,-0.025465,0.085123,0.120748
-0.116917,-0.037522,0.783543,-0.013838,-0.020712,-0.722534,0.690887,0.071084,0.060342,0.176913,0.144430,-0.173623,-0.061647,0.101814,-0.100167,-0.186433,0.164504,-0.194010,0.081157,-0.006404,-0.004109,0.141858,-0.043180,0.159527,-0.567255,0.999070,0.232122,0.115796,-0.028223,-0.106678,-0.143706,0.830336,1.089053,-0.025111,0.084954,0.121596
-0.117061,-0.037872,0.783546,-0.013230,-0.020099,-0.722415,0.691041,0.069509,0.060520,0.176500,0.144249,-0.173565,-0.061606,0.100619,-0.099909,-0.186746,0.163937,-0.193780,0.081133,-0.006970,-0.004085,0.140141,-0.043243,0.159483,-0.567490,0.997165,0.231078,0.115883,-0.028268,-0.104482,-0.142612,0.830687,1.089652,-0.023377,0.085485,0.121656
-0.117177,-0.038041,0.783552,-0.012946,-0.019752,-0.722500,0.690967,0.068795,0.060902,0.176977,0.144458,-0.173760,-0.061216,0.099978,-0.099552,-0.186709,0.163638,-0.193521,0.081136,-0.006492,-0.004454,0.139243,-0.043133,0.159242,-0.567191,0.996078,0.231400,0.115005,-0.026956,-0.104045,-0.141470,0.832299,1.091710,-0.022671,0.085128,0.122431
-0.117315,-0.038315,0.783567,-0.012665,-0.019504,-0.722824,0.690640,0.068787,0.061079,0.177517,0.143902,-0.173606,-0.061837,0.099364,-0.099301,-0.185714,0.163531,-0.193542,0.081055,-0.005583,-0.004503,0.138768,-0.043144,0.158952,-0.567573,0.994453,0.229302,0.114801,-0.026190,-0.103309,-0.140858,0.832616,1.092505,-0.021716,0.085356,0.121782
-0.117424,-0.038473,0.783495,-0.012697,-0.019340,-0.723173,0.690279,0.069159,0.061781,0.178751,0.143742,-0.174265,-0.062132,0.099062,-0.098637,-0.184729,0.163639,-0.193488,0.080586,-0.004336,-0.004456,0.138751,-0.043745,0.158537,-0.568343,0.994292,0.226266,0.114037,-0.026323,-0.104082,-0.140269,0.832487,1.093988,-0.023815,0.085117,0.122327
-0.117553,-0.038657,0.783514,-0.012362,-0.018928,-0.723427,0.690031,0.068559,0.062174,0.179211,0.143404,-0.174096,-0.062562,0.098020,-0.098225,-0.184271,0.163459,-0.193178,0.080302,-0.003591,-0.004933,0.138291,-0.044142,0.158159,-0.568022,0.994479,0.226640,0.113669,-0.027249,-0.105389,-0.139969,0.832294,1.094491,-0.024224,0.085274,0.121583
-0.117653,-0.038856,0.783535,-0.011981,-0.018487,-0.723637,0.689829,0.067647,0.062581,0.179642,0.143414,-0.174216,-0.062401,0.096707,-0.097798,-0.183277,0.163536,-0.193088,0.079815,-0.003278,-0.005630,0.137628,-0.044655,0.157815,-0.568174,0.995120,0.226892,0.113643,-0.026597,-0.107458,-0.139817,0.832863,1.095293,-0.024134,0.084825,0.121102
-0.117768,-0.038948,0.783498,-0.011920,-0.018475,-0.723869,0.689587,0.068002,0.062700,0.180338,0.143122,-0.174382,-0.062546,0.096776,-0.097655,-0.182900,0.163126,-0.193200,0.080283,-0.002044,-0.006025,0.138194,-0.045189,0.157630,-0.568033,0.995444,0.226408,0.113557,-0.026585,-0.109664,-0.139873,0.832781,1.096014,-0.024889,0.084768,0.120350
-0.117870,-0.039101,0.783511,-0.011490,-0.017888,-0.723922,0.689555,0.066805,0.063125,0.180162,0.142760,-0.174470,-0.062776,0.095560,-0.097109,-0.183055,0.162749,-0.192714,0.079829,-0.001521,-0.005861,0.137635,-0.045750,0.157351,-0.567968,0.995575,0.226193,0.113880,-0.027031,-0.112577,-0.140181,0.833299,1.097280,-0.022338,0.084453,0.120387
-0.117934,-0.039156,0.783540,-0.011205,-0.017668,-0.723851,0.689639,0.065814,0.063206,0.180130,0.143134,-0.174081,-0.062349,0.094708,-0.097171,-0.182963,0.162926,-0.192728,0.079577,-0.001415,-0.006166,0.138292,-0.046725,0.157164,-0.568211,0.995986,0.227092,0.114229,-0.026887,-0.115110,-0.140700,0.832666,1.096585,-0.022836,0.085818,0.119569
-0.118097,-0.039262,0.783501,-0.011159,-0.017507,-0.723541,0.689969,0.065756,0.063449,0.179416,0.142412,-0.173863,-0.063404,0.095216,-0.096752,-0.183953,0.162055,-0.192876,0.079727,-0.001274,-0.006385,0.138560,-0.047251,0.157121,-0.568194,0.996624,0.228285,0.114288,-0.027249,-0.116710,-0.141130,0.832417,1.096595,-0.022766,0.084951,0.119766
-0.118193,-0.039349,0.783553,-0.010882,-0.017301,-0.723214,0.690322,0.064555,0.063364,0.178509,0.143130,-0.174063,-0.062359,0.094812,-0.096893,-0.185197,0.162155,-0.192808,0.079426,-0.001185,-0.006843,0.138415,-0.047264,0.157126,-0.567605,0.997036,0.228462,0.113689,-0.027106,-0.117720,-0.141491,0.832284,1.096525,-0.025133,0.084052,0.118149
-0.118278,-0.039400,0.783534,-0.010819,-0.017248,-0.722785,0.690773,0.064172,0.063320,0.177046,0.143111,-0.173646,-0.062860,0.095167,-0.096899,-0.186323,0.161971,-0.192847,0.079301,-0.001716,-0.007249,0.139057,-0.048048,0.157215,-0.568674,0.997837,0.228457,0.114030,-0.025351,-0.118528,-0.141800,0.832290,1.096073,-0.024536,0.084106,0.117891
-0.118361,-0.039539,0.783542,-0.010543,-0.016942,-0.722294,0.691299,0.062824,0.063330,0.175590,0.143329,-0.173221,-0.062792,0.094763,-0.096819,-0.187549,0.161867,-0.193037,0.078759,-0.001339,-0.007773,0.138627,-0.048434,0.157296,-0.568324,0.998723,0.231054,0.114253,-0.026470,-0.118047,-0.141901,0.831801,1.094150,-0.025179,0.084546,0.118363
-0.118478,-0.039585,0.783538,-0.010508,-0.017095,-0.721522,0.692100,0.062781,0.062765,0.173886,0.143085,-0.173236,-0.062880,0.096133,-0.097260,-0.189934,0.160999,-0.193442,0.079550,-0.001764,-0.008646,0.138875,-0.048647,0.157360,-0.568012,0.999272,0.232454,0.115005,-0.026291,-0.117331,-0.141962,0.832361,1.092187,-0.026164,0.084447,0.119453
-0.118566,-0.039638,0.783527,-0.010342,-0.017015,-0.720926,0.692726,0.061946,0.062485,0.171943,0.143326,-0.173114,-0.062650,0.096408,-0.097504,-0.191947,0.160711,-0.193448,0.079700,-0.001662,-0.009022,0.138581,-0.048774,0.157359,-0.567877,0.998602,0.232613,0.114876,-0.026024,-0.116496,-0.141892,0.832870,1.091556,-0.024825,0.083968,0.119866
-0.118605,-0.039713,0.783532,-0.010229,-0.016719,-0.720445,0.693235,0.061067,0.062696,0.170684,0.143078,-0.172512,-0.063522,0.096402,-0.097170,-0.193305,0.160199,-0.193273,0.079447,-0.001249,-0.008625,0.137718,-0.048429,0.157331,-0.566940,0.997316,0.233965,0.115153,-0.027459,-0.115519,-0.141726,0.832948,1.091494,-0.025087,0.084231,0.120471
