-0.024025,-0.010138,0.781842,0.006188,-0.017017,0.002238,0.999834,0.139137,0.140136,0.242944,0.124112,-0.249136,-0.136779,0.110437,-0.135884,-0.164477,0.120223,-0.163015,0.178371,-0.026483,-0.018692,0.167534,0.052369,0.188496,-0.263117,1.129187,-0.029413,0.067983,0.293744,-0.057505,-0.115278,0.318194,1.164963,-0.233098,-0.013787,-0.146640
-0.025051,-0.012653,0.782101,0.005374,-0.014604,0.003809,0.999872,0.130932,0.146072,0.240701,0.124003,-0.244852,-0.140285,0.104157,-0.129873,-0.167216,0.120196,-0.162374,0.171667,-0.025654,-0.020741,0.167831,0.047601,0.193212,-0.261926,1.129129,-0.030227,0.067940,0.294716,-0.062396,-0.114423,0.318026,1.164668,-0.233011,-0.012822,-0.147022
-0.026617,-0.015808,0.782250,0.004009,-0.010503,0.006604,0.999915,0.115283,0.154650,0.235293,0.127632,-0.239189,-0.146521,0.094121,-0.122503,-0.173818,0.119810,-0.160924,0.168606,-0.026649,-0.023552,0.167293,0.042804,0.199765,-0.257082,1.125879,-0.027402,0.068811,0.294610,-0.068143,-0.112543,0.320420,1.162880,-0.232197,-0.014806,-0.149863
-0.029106,-0.018756,0.782255,0.001961,-0.003267,0.012505,0.999915,0.061681,0.169790,0.218354,0.189391,-0.259198,-0.152477,0.077202,-0.115446,-0.187022,0.119136,-0.158015,0.167635,-0.032509,-0.025098,0.164350,0.033554,0.206451,-0.255966,1.123862,-0.026922,0.069796,0.296668,-0.075164,-0.110374,0.316305,1.157310,-0.235372,-0.014431,-0.148861
-0.032788,-0.021108,0.781475,-0.003140,0.005250,0.024108,0.999691,-0.023687,0.192344,0.181731,0.297707,-0.291835,-0.164053,0.058464,-0.103728,-0.210706,0.118307,-0.155279,0.165652,-0.045062,-0.019534,0.163377,0.017210,0.211147,-0.254767,1.125410,-0.031049,0.070011,0.294678,-0.081396,-0.109366,0.306279,1.148682,-0.237595,-0.015861,-0.149931
-0.036329,-0.022615,0.780056,-0.009328,0.006111,0.040463,0.999119,-0.103547,0.212738,0.134619,0.421402,-0.309519,-0.197190,0.059732,-0.091795,-0.242956,0.118113,-0.156545,0.164811,-0.060246,-0.010973,0.179040,-0.005072,0.213459,-0.258396,1.131917,-0.031411,0.073465,0.293553,-0.083852,-0.113240,0.293750,1.136990,-0.236113,-0.017622,-0.146680
-0.038861,-0.022669,0.778768,-0.013897,0.000342,0.055116,0.998383,-0.152428,0.224423,0.090248,0.513881,-0.314060,-0.247861,0.076364,-0.084406,-0.271824,0.118961,-0.159854,0.164504,-0.067498,-0.004383,0.203922,-0.026289,0.211956,-0.265541,1.141014,-0.033122,0.067443,0.291863,-0.082914,-0.124505,0.295704,1.131824,-0.230342,-0.020799,-0.150387
-0.040672,-0.020810,0.778265,-0.014684,-0.004109,0.062681,0.997917,-0.177216,0.261504,0.117569,0.575771,-0.323338,-0.245318,0.087457,-0.087032,-0.286202,0.120446,-0.160520,0.166825,-0.062715,-0.003273,0.222799,-0.042315,0.205083,-0.270630,1.142720,-0.035180,0.068457,0.288264,-0.083161,-0.141615,0.304089,1.137929,-0.227659,-0.020891,-0.153712
-0.041665,-0.016946,0.778090,-0.013676,-0.005774,0.063595,0.997865,-0.184808,0.341343,0.211533,0.619082,-0.358772,-0.184498,0.090132,-0.095884,-0.287115,0.122540,-0.158725,0.171806,-0.054142,-0.004974,0.233794,-0.044997,0.195624,-0.270664,1.129563,-0.028084,0.062073,0.287691,-0.086788,-0.160028,0.309846,1.151922,-0.222764,-0.019040,-0.154053
-0.041841,-0.011341,0.777582,-0.012997,-0.006805,0.063103,0.997899,-0.193283,0.409651,0.252817,0.648042,-0.367734,-0.122758,0.092246,-0.106420,-0.285618,0.124343,-0.157368,0.179559,-0.049733,-0.006815,0.240429,-0.040519,0.187835,-0.276437,1.109395,-0.014961,0.065119,0.293747,-0.090713,-0.175112,0.304363,1.169496,-0.218394,-0.015380,-0.155410
-0.041181,-0.004146,0.776451,-0.013821,-0.007453,0.066256,0.997679,-0.217724,0.446863,0.213514,0.660628,-0.336516,-0.080722,0.093645,-0.117601,-0.290498,0.133613,-0.162192,0.189799,-0.052142,-0.007602,0.243573,-0.034785,0.183416,-0.284839,1.096583,0.004703,0.061897,0.295130,-0.089306,-0.184580,0.285463,1.181740,-0.214243,-0.009553,-0.158906
-0.039867,0.005118,0.774782,-0.015151,-0.008793,0.074019,0.997103,-0.242645,0.463373,0.139283,0.642259,-0.291873,-0.045136,0.102955,-0.131263,-0.303515,0.138830,-0.166510,0.205448,-0.058020,-0.008042,0.247012,-0.034553,0.179747,-0.293400,1.094760,0.012150,0.063385,0.297452,-0.082531,-0.190446,0.264363,1.189024,-0.202111,-0.005353,-0.165102
-0.038503,0.016813,0.772635,-0.016882,-0.008754,0.082358,0.996421,-0.256504,0.486964,0.099092,0.591787,-0.262108,-0.021034,0.106621,-0.149309,-0.315130,0.152062,-0.172164,0.226862,-0.061930,-0.007409,0.247766,-0.038874,0.174224,-0.298223,1.103727,0.006813,0.063877,0.295755,-0.075457,-0.195180,0.253422,1.196351,-0.182886,-0.005016,-0.170278
-0.037490,0.031258,0.769824,-0.018383,-0.006995,0.089651,0.995779,-0.260608,0.513650,0.093651,0.517854,-0.249464,-0.028478,0.100095,-0.174465,-0.321590,0.178514,-0.181075,0.255475,-0.064793,-0.007075,0.246063,-0.043003,0.167204,-0.296627,1.112568,-0.004416,0.065059,0.299907,-0.072018,-0.198456,0.249595,1.203845,-0.172945,-0.004593,-0.172255
-0.036976,0.048195,0.766322,-0.021048,-0.004375,0.094787,0.995265,-0.269959,0.532034,0.083144,0.457023,-0.244203,-0.043420,0.091000,-0.197599,-0.321932,0.201366,-0.185062,0.261800,-0.066435,-0.004189,0.243623,-0.046780,0.161796,-0.297535,1.119031,-0.013217,0.063488,0.299094,-0.071818,-0.199335,0.245336,1.206970,-0.174545,-0.001923,-0.171110
-0.037162,0.068104,0.762034,-0.024604,-0.003209,0.099938,0.994684,-0.283236,0.536895,0.052868,0.419394,-0.246876,-0.064117,0.088623,-0.220834,-0.320874,0.215497,-0.181049,0.261800,-0.069630,0.001009,0.244756,-0.051465,0.158806,-0.305795,1.123132,-0.001569,0.066260,0.301463,-0.071269,-0.196914,0.230660,1.200952,-0.174911,-0.001359,-0.171722
-0.037973,0.091420,0.757647,-0.029441,-0.003250,0.103825,0.994154,-0.302539,0.533663,0.016636,0.421398,-0.262082,-0.068803,0.091956,-0.243691,-0.315759,0.218516,-0.160732,0.261800,-0.071366,0.009312,0.248667,-0.058835,0.157078,-0.322233,1.126361,0.007612,0.070252,0.312469,-0.070461,-0.191459,0.201857,1.185986,-0.176126,-0.004326,-0.168806
-0.039756,0.119299,0.753877,-0.034783,-0.001102,0.103584,0.994012,-0.325483,0.530838,0.027779,0.466906,-0.288391,-0.055244,0.089048,-0.270645,-0.303044,0.212591,-0.116938,0.261800,-0.070346,0.021911,0.249382,-0.062831,0.153026,-0.336242,1.122500,0.011446,0.071833,0.316294,-0.071869,-0.187793,0.161585,1.163430,-0.178288,-0.007297,-0.166353
-0.042937,0.151788,0.751841,-0.038418,0.007900,0.096483,0.994562,-0.357230,0.522224,0.074677,0.537651,-0.286821,-0.075919,0.072458,-0.305621,-0.281756,0.181750,-0.035658,0.261800,-0.064467,0.034841,0.240664,-0.066835,0.145627,-0.356103,1.116978,0.030786,0.072090,0.317669,-0.079520,-0.188935,0.114908,1.133874,-0.188854,-0.009354,-0.160585
-0.047029,0.188104,0.750635,-0.038939,0.017891,0.080670,0.995819,-0.395135,0.505435,0.123584,0.630108,-0.305717,-0.106633,0.053243,-0.349856,-0.252508,0.125112,0.081673,0.261800,-0.052391,0.045657,0.229961,-0.072404,0.139414,-0.392316,1.116751,0.057952,0.066361,0.328627,-0.097465,-0.195446,0.078176,1.113430,-0.197600,-0.011419,-0.162279
-0.051148,0.226294,0.750345,-0.036351,0.024523,0.061696,0.997131,-0.402227,0.485449,0.196478,0.693813,-0.327702,-0.149091,0.021244,-0.410535,-0.262436,0.103140,0.195458,0.261800,-0.036770,0.054628,0.223342,-0.079362,0.141442,-0.422815,1.114353,0.046505,0.035654,0.362646,-0.113637,-0.202462,0.043994,1.093873,-0.199904,-0.009218,-0.155310
-0.054092,0.264968,0.750946,-0.030058,0.028328,0.042532,0.998241,-0.384355,0.453268,0.281733,0.734285,-0.374392,-0.146166,-0.072930,-0.508735,-0.341144,0.251649,0.195701,0.261800,-0.027046,0.054671,0.223418,-0.074586,0.151049,-0.407442,1.078014,0.038944,0.040393,0.336852,-0.134433,-0.210834,0.033145,1.074832,-0.190902,-0.011257,-0.131440
-0.056652,0.299165,0.751826,-0.014873,0.025628,0.031534,0.999063,-0.345195,0.389861,0.360338,0.742689,-0.411951,-0.115300,-0.088853,-0.608300,-0.458460,0.379374,0.073246,0.257475,-0.027252,0.029647,0.235900,-0.073059,0.176174,-0.394851,1.050015,0.028593,0.028209,0.293219,-0.155484,-0.210138,0.036149,1.063480,-0.184994,-0.017679,-0.125216
-0.059087,0.329311,0.754807,-0.013906,0.019012,0.025743,0.999391,-0.312902,0.349195,0.400135,0.739747,-0.438317,-0.080175,-0.038387,-0.639862,-0.610464,0.499194,-0.081389,0.150211,-0.029419,0.027278,0.255026,-0.074148,0.209028,-0.385435,1.043019,0.013976,0.015321,0.290790,-0.170498,-0.199381,0.038076,1.060135,-0.190806,-0.018313,-0.132666
-0.060621,0.356675,0.758107,-0.017028,0.010777,0.023277,0.999526,-0.278900,0.314694,0.424711,0.725830,-0.457443,-0.049461,0.027477,-0.622524,-0.697054,0.626961,-0.195215,0.107682,-0.032561,0.030796,0.272797,-0.069111,0.241762,-0.364674,1.040907,0.009457,0.013371,0.310169,-0.178701,-0.183474,0.043414,1.061319,-0.199203,-0.014436,-0.130702
-0.061655,0.381659,0.760593,-0.019276,0.007483,0.018029,0.999624,-0.253303,0.281575,0.450423,0.706065,-0.470337,-0.024570,0.049288,-0.557306,-0.676343,0.755723,-0.264880,0.124179,-0.027798,0.029811,0.278598,-0.053075,0.271490,-0.322530,1.024709,0.004720,0.014722,0.327515,-0.184618,-0.168948,0.065632,1.064484,-0.201361,-0.016754,-0.118261
-0.062348,0.405115,0.762220,-0.020844,0.007718,0.008900,0.999713,-0.234488,0.252000,0.481350,0.686608,-0.480786,0.001021,0.050519,-0.446127,-0.615777,0.850361,-0.289381,0.184195,-0.016703,0.025542,0.276885,-0.023959,0.293852,-0.259848,0.993274,-0.005427,0.012502,0.334065,-0.192097,-0.155916,0.092051,1.071925,-0.213677,-0.019045,-0.107191
-0.062672,0.427800,0.763228,-0.022623,0.009188,-0.005100,0.999689,-0.217555,0.226534,0.519464,0.667640,-0.490575,0.032997,0.049926,-0.290251,-0.539404,0.883050,-0.275026,0.261800,0.001140,0.022416,0.269575,0.010587,0.307315,-0.203103,0.966341,-0.033094,0.004985,0.331762,-0.199223,-0.142823,0.109350,1.085132,-0.225427,-0.015734,-0.107504
-0.063433,0.448561,0.763534,-0.034377,0.016193,-0.030154,0.998823,-0.223711,0.239315,0.554058,0.674496,-0.504998,0.048392,0.047255,-0.062274,-0.452279,0.821653,-0.206042,0.261800,0.037524,0.039037,0.248315,0.045219,0.312992,-0.161888,0.950937,-0.062208,-0.000949,0.328330,-0.205480,-0.130464,0.119832,1.103762,-0.222104,-0.013240,-0.115225
-0.063950,0.469100,0.762173,-0.038806,0.020918,-0.056241,0.997443,-0.223365,0.237376,0.598025,0.681368,-0.524263,0.071791,0.075460,0.152342,-0.356032,0.699832,-0.120603,0.261800,0.073357,0.041186,0.228934,0.080682,0.312430,-0.131450,0.942336,-0.075155,-0.004952,0.327385,-0.211847,-0.119860,0.133025,1.123414,-0.219736,-0.012583,-0.118587
-0.064464,0.490750,0.759502,-0.032765,0.024889,-0.080110,0.995936,-0.219484,0.205924,0.648599,0.673855,-0.526032,0.088216,0.134853,0.289403,-0.307002,0.541438,-0.068082,0.261800,0.104735,0.024617,0.208388,0.110257,0.308211,-0.124562,0.945741,-0.078016,-0.004107,0.323960,-0.215403,-0.114660,0.155511,1.138221,-0.225250,-0.012287,-0.119315
-0.066016,0.514546,0.757055,-0.015869,0.029122,-0.101960,0.994236,-0.218023,0.137521,0.696913,0.641230,-0.502726,0.112406,0.177292,0.332254,-0.295361,0.414937,-0.045125,0.261800,0.131997,-0.010318,0.191545,0.130507,0.296357,-0.125901,0.956388,-0.073480,-0.002912,0.315051,-0.218432,-0.114346,0.171301,1.142415,-0.239472,-0.009573,-0.121623
-0.069605,0.540375,0.755043,0.001486,0.030502,-0.126818,0.991456,-0.226855,0.069422,0.731664,0.615781,-0.460512,0.137654,0.202932,0.334444,-0.270288,0.302479,-0.013585,0.261800,0.157636,-0.040259,0.187645,0.148770,0.268383,-0.112606,0.963736,-0.066794,0.003110,0.304033,-0.228413,-0.120525,0.179457,1.142885,-0.249257,-0.010865,-0.127929
-0.074011,0.569127,0.754447,0.015752,0.022660,-0.139949,0.989774,-0.231498,0.000137,0.745094,0.598664,-0.394807,0.164245,0.180975,0.283657,-0.278689,0.300086,-0.047315,0.261800,0.153254,-0.055619,0.206160,0.163826,0.228032,-0.098563,0.973407,-0.075953,0.002356,0.305061,-0.244256,-0.133082,0.183411,1.142559,-0.244919,-0.014703,-0.134566
-0.080920,0.599238,0.752382,0.021713,0.020228,-0.148101,0.988527,-0.276222,-0.024823,0.764153,0.646226,-0.329055,0.196259,0.126400,0.211196,-0.372182,0.420489,-0.209835,0.035396,0.138692,-0.046202,0.213499,0.163483,0.182424,-0.110851,1.004513,-0.089923,-0.007506,0.313965,-0.261001,-0.156926,0.183327,1.144729,-0.235398,-0.018720,-0.133994
-0.089438,0.628256,0.750636,0.019962,0.016136,-0.154789,0.987614,-0.329646,-0.007321,0.793848,0.735293,-0.247289,0.224215,0.135275,0.186681,-0.427327,0.401400,-0.296387,-0.105568,0.130745,-0.020026,0.225809,0.146409,0.141207,-0.139905,1.042349,-0.111380,-0.009644,0.314837,-0.268941,-0.189675,0.186994,1.145062,-0.212400,-0.027315,-0.136433
-0.099238,0.655617,0.750530,0.012871,0.009308,-0.152057,0.988244,-0.389610,0.041036,0.812186,0.851029,-0.112318,0.224880,0.174700,0.187201,-0.448842,0.313308,-0.334492,-0.109891,0.117059,0.013854,0.247123,0.117766,0.109087,-0.172121,1.073537,-0.141204,-0.014959,0.308981,-0.266578,-0.223791,0.185215,1.147403,-0.202767,-0.029398,-0.143965
-0.109228,0.680718,0.751840,0.005600,0.007126,-0.142271,0.989786,-0.490478,0.087949,0.769081,0.965920,0.082095,0.191798,0.193306,0.190095,-0.452889,0.231922,-0.340787,-0.097921,0.102393,0.043549,0.259127,0.084683,0.089312,-0.205403,1.092093,-0.153924,-0.013706,0.313414,-0.247880,-0.253639,0.174764,1.152182,-0.204765,-0.025573,-0.149928
-0.118657,0.703692,0.753648,0.000304,0.003965,-0.132750,0.991142,-0.591637,0.066771,0.638079,1.009213,0.247716,-0.034774,0.197869,0.180415,-0.472143,0.189808,-0.343762,-0.086467,0.091640,0.062368,0.272273,0.064243,0.084899,-0.233968,1.085327,-0.134963,-0.031824,0.323405,-0.220800,-0.274902,0.165575,1.162477,-0.199904,-0.021092,-0.149342
-0.126363,0.725517,0.755498,-0.004726,-0.002552,-0.127387,0.991839,-0.623131,0.031225,0.533536,0.998803,0.148334,-0.240068,0.196862,0.160638,-0.495894,0.186713,-0.353206,-0.077492,0.083997,0.074696,0.289157,0.064603,0.094494,-0.255702,1.055513,-0.073308,-0.047749,0.338425,-0.190488,-0.286382,0.159941,1.180369,-0.198195,-0.018341,-0.143648
-0.133811,0.746636,0.757595,-0.006788,-0.005145,-0.116066,0.993205,-0.598756,0.085862,0.563695,0.984280,0.043494,-0.261800,0.172768,0.126118,-0.529247,0.219791,-0.370620,-0.064718,0.062373,0.075176,0.299598,0.070929,0.113120,-0.263341,1.025225,-0.007481,-0.041156,0.358177,-0.161101,-0.287703,0.156037,1.200480,-0.193435,-0.014872,-0.137502
-0.140088,0.765262,0.760222,-0.008647,-0.008453,-0.109063,0.993961,-0.579121,0.164729,0.549195,0.991097,-0.037316,-0.261388,0.164566,0.100458,-0.550216,0.224703,-0.370715,-0.055640,0.052572,0.069904,0.310398,0.070961,0.136841,-0.261001,1.014891,-0.001162,-0.031395,0.364806,-0.125417,-0.279731,0.140689,1.212465,-0.194102,-0.010343,-0.129210
-0.144852,0.783356,0.762362,-0.010142,-0.008939,-0.097554,0.995138,-0.519047,0.296031,0.618364,0.992406,-0.126332,-0.165842,0.159056,0.076594,-0.574613,0.217754,-0.366161,-0.038653,0.039266,0.061769,0.311041,0.064239,0.162235,-0.253724,1.026379,-0.028090,-0.020287,0.354214,-0.081964,-0.265859,0.122172,1.215462,-0.193427,-0.004760,-0.128787
-0.148203,0.801250,0.764286,-0.013621,-0.008891,-0.083227,0.996398,-0.448136,0.428162,0.690040,0.983432,-0.216648,-0.075940,0.155228,0.056086,-0.602379,0.213698,-0.355725,-0.019677,0.021464,0.056139,0.307682,0.052320,0.186834,-0.251508,1.056962,-0.046035,-0.012349,0.343987,-0.036364,-0.248245,0.102817,1.213183,-0.192290,-0.005006,-0.130198
-0.150006,0.819437,0.765840,-0.018009,-0.008720,-0.066143,0.997610,-0.406073,0.520609,0.682819,0.959098,-0.261492,-0.030989,0.151378,0.032619,-0.633184,0.220462,-0.344737,0.008635,-0.001402,0.051580,0.301165,0.038395,0.209579,-0.258150,1.094328,-0.052706,0.007600,0.332664,0.008607,-0.228592,0.084096,1.208987,-0.190886,-0.006392,-0.127312
-0.150087,0.838318,0.766926,-0.020724,-0.009868,-0.050059,0.998482,-0.394705,0.565196,0.580319,0.915630,-0.249481,-0.030647,0.147868,-0.001691,-0.659330,0.244779,-0.341833,0.040556,-0.022606,0.042452,0.294666,0.030139,0.229666,-0.266267,1.122166,-0.064212,0.025442,0.313104,0.051388,-0.208046,0.066712,1.203617,-0.189773,-0.008832,-0.125808
-0.149023,0.858309,0.767303,-0.022730,-0.010809,-0.035310,0.999059,-0.391272,0.594581,0.453863,0.868891,-0.207989,-0.016567,0.140447,-0.043635,-0.679875,0.284663,-0.345096,0.067107,-0.040674,0.032510,0.287247,0.024465,0.246713,-0.277140,1.136444,-0.069449,0.036936,0.300870,0.089059,-0.187812,0.045298,1.196748,-0.189078,-0.008750,-0.129512
-0.147079,0.879963,0.766702,-0.025382,-0.011410,-0.024394,0.999315,-0.374977,0.629179,0.359173,0.810079,-0.155668,0.008565,0.132983,-0.086573,-0.691224,0.325652,-0.348285,0.095456,-0.050723,0.026944,0.279133,0.023324,0.258450,-0.285084,1.136225,-0.061782,0.038700,0.294383,0.120837,-0.171073,0.020209,1.190700,-0.181508,-0.012058,-0.134133
-0.144165,0.903984,0.764754,-0.030940,-0.010778,-0.015748,0.999339,-0.346905,0.669135,0.293939,0.728711,-0.114858,0.005593,0.126241,-0.124397,-0.696745,0.360533,-0.346548,0.125255,-0.058120,0.031401,0.269093,0.026857,0.262371,-0.285758,1.121671,-0.046780,0.037250,0.294095,0.142895,-0.162359,0.005950,1.189352,-0.169603,-0.011128,-0.137478
-0.140576,0.931049,0.761468,-0.037620,-0.007401,-0.006021,0.999247,-0.322758,0.699500,0.236407,0.633342,-0.096870,-0.022626,0.116506,-0.164368,-0.702314,0.393208,-0.339941,0.163616,-0.066839,0.042381,0.255335,0.029456,0.258076,-0.282929,1.102686,-0.030875,0.034869,0.301625,0.155737,-0.161505,-0.000246,1.192753,-0.161738,-0.013864,-0.135617
-0.136777,0.961470,0.757496,-0.041836,-0.002364,0.006437,0.999101,-0.317854,0.703216,0.157894,0.550022,-0.068907,-0.041896,0.105902,-0.217425,-0.708615,0.426860,-0.325231,0.216516,-0.077875,0.054422,0.240307,0.025160,0.244700,-0.288249,1.089411,-0.024713,0.031573,0.305150,0.159491,-0.169536,-0.002423,1.198687,-0.155574,-0.012519,-0.135961
-0.133506,0.994694,0.753505,-0.042353,0.004960,0.020915,0.998871,-0.352446,0.658864,0.015219,0.521365,-0.006017,-0.018467,0.092063,-0.280249,-0.706464,0.453015,-0.294142,0.261800,-0.090633,0.062691,0.225173,0.011286,0.226700,-0.304533,1.085862,-0.015069,0.030561,0.299338,0.154045,-0.182467,-0.009103,1.203268,-0.152061,-0.010884,-0.138184
-0.130840,1.032901,0.748598,-0.044846,0.010356,0.028807,0.998525,-0.271155,0.611400,-0.030426,0.384019,-0.008914,-0.261800,0.075050,-0.338198,-0.685629,0.470335,-0.242299,0.261800,-0.088402,0.081540,0.217588,-0.013158,0.202280,-0.339009,1.094435,-0.009125,0.033563,0.292116,0.142367,-0.205273,-0.016652,1.200571,-0.148963,-0.008243,-0.138941
-0.129202,1.076382,0.746640,-0.031036,0.018997,0.034700,0.998735,-0.218177,0.524686,0.046040,0.314756,-0.069669,-0.261800,0.049504,-0.445538,-0.671928,0.484949,-0.162489,0.261800,-0.083097,0.076862,0.207758,-0.046063,0.172027,-0.391702,1.113086,0.003612,0.039683,0.289748,0.120028,-0.237716,-0.026625,1.196193,-0.146332,-0.009653,-0.139101
-0.128172,1.120265,0.748855,-0.024986,0.027445,0.025438,0.998987,-0.247499,0.467833,0.098755,0.410259,-0.196476,-0.261800,0.039658,-0.503037,-0.650453,0.405206,-0.019942,0.261800,-0.056391,0.090335,0.205740,-0.078804,0.138893,-0.443873,1.126762,0.014709,0.041154,0.277322,0.076606,-0.275423,-0.032313,1.197453,-0.144472,-0.007139,-0.148437
-0.127800,1.166125,0.751110,-0.015471,0.033740,0.007818,0.999280,-0.299741,0.410316,0.146602,0.565304,-0.299185,-0.245760,0.014231,-0.571485,-0.607188,0.332434,0.130569,0.261800,-0.026087,0.100656,0.206869,-0.103039,0.108647,-0.479827,1.124739,0.076322,0.065082,0.272323,0.013731,-0.314817,-0.027239,1.206783,-0.155054,-0.002122,-0.156608
-0.126341,1.211671,0.751207,0.013340,0.032782,-0.006767,0.999351,-0.281068,0.300312,0.231932,0.613591,-0.356989,-0.186466,-0.065872,-0.719250,-0.531453,0.415254,0.139300,0.261800,-0.009541,0.071280,0.213535,-0.116008,0.102237,-0.488581,1.102480,0.128045,0.034138,0.261881,-0.057958,-0.344170,-0.005438,1.211420,-0.167383,0.002830,-0.154572
-0.124797,1.251061,0.752415,0.013064,0.035993,-0.025722,0.998936,-0.277295,0.264524,0.290161,0.646958,-0.412048,-0.142954,-0.065657,-0.731005,-0.576802,0.415224,0.034664,0.225328,0.009044,0.089960,0.212156,-0.110967,0.116598,-0.453943,1.050064,0.107572,0.035915,0.249157,-0.131440,-0.357698,0.031806,1.200140,-0.180834,-0.006345,-0.150187
-0.124371,1.286674,0.755654,0.010386,0.034001,-0.027989,0.998976,-0.269991,0.216758,0.312950,0.651130,-0.435787,-0.091629,0.008699,-0.731982,-0.711049,0.466725,-0.060293,0.206291,0.002240,0.105301,0.225421,-0.104915,0.138357,-0.398547,1.023700,0.063686,0.019189,0.284826,-0.193530,-0.348574,0.045556,1.163654,-0.199639,-0.012894,-0.152515
-0.124078,1.318349,0.758569,0.007583,0.026801,-0.023965,0.999325,-0.248359,0.167582,0.322672,0.637641,-0.446252,-0.049568,0.095224,-0.707946,-0.796022,0.570568,-0.143160,0.181271,-0.007512,0.110469,0.244630,-0.097733,0.165023,-0.341397,1.021261,0.016023,-0.000893,0.332314,-0.234146,-0.320870,0.050233,1.111102,-0.220483,-0.014964,-0.159592
-0.124183,1.346605,0.760739,0.004346,0.020123,-0.025736,0.999457,-0.225394,0.128674,0.337399,0.622277,-0.450688,-0.013921,0.142657,-0.642607,-0.794505,0.686265,-0.211280,0.183301,-0.003235,0.109753,0.260654,-0.090730,0.199488,-0.300253,1.018819,-0.029175,0.006348,0.366670,-0.265341,-0.286281,0.068469,1.061145,-0.237508,-0.026216,-0.167236
-0.125214,1.372111,0.761968,0.001485,0.019808,-0.034370,0.999212,-0.217072,0.099423,0.361678,0.608864,-0.450901,0.017993,0.131877,-0.528750,-0.708598,0.785034,-0.259549,0.198557,0.013591,0.104138,0.264772,-0.072706,0.235723,-0.251247,1.009828,-0.045667,0.005635,0.370774,-0.301670,-0.249045,0.096619,1.036142,-0.249970,-0.042876,-0.169643
-0.126329,1.395823,0.762646,-0.003469,0.020334,-0.048479,0.998611,-0.212201,0.082515,0.391150,0.601228,-0.452680,0.045181,0.099244,-0.336219,-0.549772,0.811963,-0.254671,0.261800,0.038107,0.099457,0.265979,-0.036751,0.263989,-0.187496,0.987614,-0.053735,0.001215,0.356661,-0.341016,-0.211530,0.130321,1.038252,-0.260034,-0.046597,-0.163620
-0.128010,1.417178,0.762475,-0.016811,0.025997,-0.065125,0.997397,-0.236858,0.095637,0.405499,0.630286,-0.463433,0.064383,0.075765,-0.057956,-0.372556,0.744722,-0.213092,0.261800,0.070109,0.109829,0.251764,0.001355,0.283579,-0.141012,0.975775,-0.080104,-0.002047,0.351968,-0.372971,-0.177806,0.163943,1.057997,-0.272658,-0.043833,-0.157592
-0.129863,1.437767,0.761115,-0.019466,0.028005,-0.075177,0.996587,-0.259776,0.082993,0.417814,0.660419,-0.452148,0.079843,0.103505,0.175527,-0.229920,0.614903,-0.165392,0.261800,0.092910,0.098302,0.242756,0.031861,0.298593,-0.117340,0.978850,-0.095493,0.001281,0.350876,-0.392131,-0.150322,0.186072,1.077680,-0.287803,-0.043150,-0.154702
-0.132650,1.459432,0.759955,-0.010116,0.030461,-0.080164,0.996265,-0.282515,0.037388,0.435746,0.669176,-0.414523,0.104351,0.159147,0.296228,-0.174366,0.433671,-0.115792,0.261800,0.107319,0.064343,0.235246,0.057087,0.305929,-0.107641,0.985879,-0.093613,0.010157,0.346527,-0.395108,-0.130924,0.185722,1.086773,-0.292140,-0.043960,-0.154799
-0.136353,1.483548,0.758939,0.010854,0.034385,-0.084408,0.995779,-0.299545,-0.041861,0.466011,0.638441,-0.346546,0.131122,0.217695,0.321967,-0.176888,0.213364,-0.059023,0.261800,0.120601,0.012514,0.226009,0.080700,0.300404,-0.102343,0.992948,-0.084508,0.014135,0.330974,-0.383362,-0.123745,0.169190,1.093606,-0.277558,-0.047801,-0.160317
-0.141147,1.511337,0.758473,0.036676,0.036298,-0.089154,0.994680,-0.315601,-0.136262,0.504272,0.589782,-0.247349,0.165965,0.206439,0.286495,-0.181419,0.103377,-0.035635,0.261800,0.127424,-0.039273,0.225149,0.102748,0.277336,-0.091652,0.999040,-0.070559,0.021820,0.307673,-0.368881,-0.133959,0.159773,1.105458,-0.258768,-0.048054,-0.162811
-0.147276,1.542577,0.760083,0.032726,0.032191,-0.078729,0.995839,-0.349615,-0.157152,0.518838,0.624525,-0.149076,0.183023,0.132472,0.240183,-0.344139,0.213473,-0.141425,0.021708,0.101030,-0.013964,0.238170,0.114068,0.234661,-0.092968,1.014387,-0.076072,0.017564,0.302336,-0.353448,-0.168361,0.156739,1.122155,-0.246451,-0.045015,-0.159562
-0.156095,1.572851,0.759321,0.025472,0.030106,-0.072135,0.996615,-0.426087,-0.141377,0.534261,0.725967,-0.022084,0.157092,0.105204,0.215580,-0.443239,0.262756,-0.220226,-0.161001,0.084180,0.022164,0.248427,0.113694,0.188436,-0.111341,1.040656,-0.090794,0.003607,0.307376,-0.332718,-0.217620,0.159061,1.140293,-0.230251,-0.040623,-0.158385
-0.164383,1.601060,0.758815,0.022212,0.022729,-0.059855,0.997701,-0.541654,-0.172196,0.434042,0.842005,0.165671,0.081415,0.147504,0.203384,-0.483597,0.181790,-0.257033,-0.135903,0.064743,0.046320,0.267729,0.103644,0.153882,-0.145838,1.069544,-0.090989,-0.008242,0.316739,-0.291972,-0.266860,0.148888,1.149456,-0.213189,-0.034792,-0.161653
-0.171030,1.627738,0.757363,0.017508,0.016386,-0.042892,0.998792,-0.611147,-0.253167,0.269603,0.867105,0.312580,-0.261800,0.170874,0.185891,-0.489638,0.136755,-0.290567,-0.113194,0.044328,0.068014,0.279106,0.091905,0.132207,-0.184027,1.093160,-0.084224,-0.017209,0.327689,-0.229810,-0.307739,0.121590,1.151173,-0.204983,-0.027904,-0.162427
-0.175900,1.652902,0.756370,0.012623,0.011497,-0.030792,0.999380,-0.589852,-0.139674,0.408029,0.910013,0.237323,-0.261800,0.174790,0.158670,-0.510664,0.137373,-0.330342,-0.079751,0.031065,0.084040,0.283027,0.091673,0.117921,-0.196719,1.100598,-0.082593,-0.027442,0.335868,-0.158462,-0.334476,0.089575,1.155524,-0.192870,-0.022866,-0.167258
-0.179867,1.675863,0.757590,0.011967,0.010474,-0.029293,0.999444,-0.557628,-0.026519,0.539609,0.926915,0.097877,-0.261800,0.170839,0.124815,-0.533009,0.138347,-0.353113,-0.065363,0.026092,0.084803,0.281242,0.103488,0.109528,-0.176227,1.093384,-0.080814,-0.029329,0.336794,-0.098677,-0.343029,0.060663,1.176893,-0.182328,-0.018495,-0.167649
-0.182578,1.697469,0.760405,0.011532,0.006669,-0.031821,0.999405,-0.552592,0.020935,0.518038,0.912025,-0.024849,-0.261800,0.172893,0.090581,-0.535339,0.140971,-0.356717,-0.048832,0.017835,0.080198,0.288260,0.116895,0.110168,-0.154363,1.084275,-0.094634,-0.027739,0.343825,-0.048969,-0.338206,0.039430,1.201811,-0.168398,-0.010306,-0.160354
-0.184007,1.717942,0.763515,0.007482,0.004325,-0.035940,0.999317,-0.526479,0.125454,0.527209,0.901761,-0.109803,-0.261800,0.173999,0.064458,-0.531795,0.142064,-0.344338,-0.020687,0.009429,0.079797,0.291716,0.125455,0.119811,-0.146358,1.089627,-0.101831,-0.031810,0.354981,-0.002792,-0.326887,0.027812,1.223758,-0.158334,-0.004456,-0.142573
-0.183571,1.737679,0.766182,0.001653,0.002833,-0.042668,0.999084,-0.478515,0.279761,0.580855,0.903424,-0.181090,-0.261800,0.170139,0.042756,-0.520615,0.152417,-0.332619,0.003846,0.007654,0.079731,0.289498,0.129167,0.133198,-0.143010,1.105391,-0.103771,-0.030024,0.356931,0.043097,-0.313576,0.027378,1.241876,-0.154729,-0.004114,-0.124967
-0.181697,1.758075,0.768182,-0.001794,0.001309,-0.041407,0.999140,-0.429127,0.402455,0.608694,0.875749,-0.213694,-0.212364,0.165748,0.011598,-0.521994,0.173619,-0.328456,0.029959,-0.008918,0.073351,0.285178,0.131143,0.148862,-0.138790,1.121267,-0.107196,-0.024608,0.343871,0.087603,-0.296724,0.020311,1.251260,-0.157398,-0.000746,-0.121783
-0.178258,1.778944,0.769287,-0.004679,-0.000685,-0.034930,0.999379,-0.397970,0.486942,0.570104,0.823192,-0.206562,-0.159825,0.167923,-0.021190,-0.530770,0.191691,-0.324080,0.061460,-0.034612,0.064098,0.278659,0.130168,0.168524,-0.146697,1.139260,-0.115527,-0.020420,0.334308,0.132375,-0.275512,-0.003550,1.247783,-0.154240,0.001293,-0.124740
-0.173353,1.800613,0.769296,-0.007278,-0.001897,-0.027910,0.999582,-0.386588,0.546246,0.477756,0.759019,-0.165563,-0.098915,0.166509,-0.058773,-0.537886,0.221798,-0.325040,0.095268,-0.056666,0.054088,0.269058,0.126577,0.189660,-0.157350,1.150676,-0.110220,-0.009205,0.322609,0.177579,-0.252545,-0.032721,1.233561,-0.145452,-0.000325,-0.125514
-0.168202,1.824134,0.768167,-0.008620,-0.000982,-0.021452,0.999732,-0.398203,0.578916,0.340209,0.697881,-0.108655,-0.023541,0.152109,-0.108053,-0.540172,0.273429,-0.332992,0.134466,-0.072368,0.044372,0.259744,0.116343,0.208153,-0.162637,1.152280,-0.101376,-0.004032,0.309700,0.215284,-0.232852,-0.054744,1.215163,-0.135518,-0.001674,-0.124852
-0.162422,1.849970,0.765871,-0.011011,0.001130,-0.016735,0.999799,-0.412746,0.584741,0.166572,0.633622,-0.037970,0.019699,0.135446,-0.158505,-0.531291,0.323630,-0.333008,0.183631,-0.079319,0.041434,0.251250,0.100125,0.220114,-0.167680,1.147873,-0.103793,-0.006193,0.311425,0.243785,-0.218615,-0.066367,1.203169,-0.123996,-0.005998,-0.133639
-0.156325,1.878641,0.762332,-0.016446,0.004667,-0.016376,0.999720,-0.424077,0.579774,-0.007445,0.587815,0.033586,0.054949,0.115206,-0.202834,-0.507944,0.365681,-0.321042,0.239012,-0.078326,0.049998,0.243408,0.081335,0.221412,-0.166057,1.137154,-0.101518,-0.007039,0.321197,0.252695,-0.213843,-0.064090,1.211447,-0.111533,-0.011814,-0.146583
-0.150333,1.910800,0.757902,-0.023678,0.011782,-0.019953,0.999451,-0.414698,0.576844,-0.122099,0.545596,0.056813,0.048082,0.079677,-0.240083,-0.465682,0.404291,-0.295348,0.261800,-0.074655,0.064375,0.231460,0.063769,0.212845,-0.158058,1.117787,-0.092732,-0.009485,0.327633,0.235456,-0.216211,-0.049021,1.240356,-0.102612,-0.010513,-0.151187
-0.143948,1.947624,0.753144,-0.029308,0.017446,-0.023678,0.999138,-0.337175,0.565821,-0.168300,0.448136,0.046711,-0.125023,0.040449,-0.286968,-0.420167,0.448969,-0.251445,0.261800,-0.072153,0.084201,0.224304,0.039309,0.195342,-0.170920,1.103577,-0.084889,-0.013952,0.328977,0.204959,-0.227613,-0.045802,1.263388,-0.103374,-0.001937,-0.145398
-0.137165,1.989085,0.750342,-0.026217,0.024611,-0.026160,0.999011,-0.243127,0.539183,-0.062490,0.326455,0.003201,-0.261800,0.011046,-0.355380,-0.386140,0.457451,-0.178152,0.261800,-0.070984,0.096340,0.215859,0.003278,0.172115,-0.212377,1.106024,-0.074674,-0.014744,0.331451,0.170320,-0.245696,-0.054661,1.262972,-0.105669,0.001943,-0.141595
-0.130007,2.032446,0.751153,-0.018957,0.034417,-0.031998,0.998715,-0.208004,0.477505,0.028907,0.296601,-0.086828,-0.261800,0.007468,-0.421440,-0.366893,0.383619,-0.059759,0.261800,-0.061852,0.104677,0.203498,-0.039374,0.146286,-0.272085,1.115661,-0.052404,-0.007774,0.334182,0.130621,-0.267291,-0.061544,1.245392,-0.107061,-0.004263,-0.147105
-0.124074,2.075821,0.753649,-0.011369,0.046780,-0.041898,0.997961,-0.246209,0.420826,0.106876,0.389974,-0.206469,-0.261800,0.005901,-0.483817,-0.364954,0.278249,0.079444,0.261800,-0.043656,0.114038,0.189416,-0.087016,0.124274,-0.347530,1.121871,-0.041129,0.001741,0.327966,0.081419,-0.287063,-0.069494,1.216325,-0.124170,-0.006020,-0.158009
-0.119354,2.120913,0.754995,0.011555,0.051166,-0.048694,0.997435,-0.278931,0.316648,0.152934,0.484166,-0.284520,-0.214612,-0.057376,-0.617052,-0.358306,0.331407,0.135366,0.261800,-0.032460,0.092550,0.190321,-0.136209,0.113410,-0.429679,1.110505,-0.011995,0.008603,0.327694,0.024213,-0.302921,-0.070241,1.181657,-0.146734,-0.006875,-0.165629
-0.115847,2.160347,0.754569,0.024499,0.045619,-0.063610,0.996631,-0.275540,0.248347,0.204187,0.546926,-0.343418,-0.173664,-0.121910,-0.715276,-0.400842,0.468639,0.019884,0.114716,-0.005473,0.077053,0.206946,-0.177086,0.119783,-0.496011,1.084729,0.032198,-0.003992,0.353160,-0.043140,-0.308123,-0.042129,1.163286,-0.157407,-0.015801,-0.174439
-0.112862,2.195455,0.756013,0.020895,0.036105,-0.074918,0.996317,-0.262614,0.216247,0.242128,0.593347,-0.392075,-0.120159,-0.067785,-0.713708,-0.498180,0.516435,-0.063156,0.109863,0.008307,0.085756,0.232808,-0.187723,0.133599,-0.492976,1.034788,0.079540,-0.018641,0.379336,-0.124845,-0.302054,0.008039,1.165099,-0.179673,-0.020717,-0.184452
-0.110556,2.227130,0.758306,0.018531,0.030105,-0.071362,0.996824,-0.257148,0.169298,0.253303,0.607444,-0.413041,-0.065861,-0.014462,-0.694106,-0.560949,0.629835,-0.152311,0.081056,0.002193,0.086012,0.249685,-0.187397,0.149089,-0.452119,0.991978,0.075706,-0.022590,0.383019,-0.193683,-0.279779,0.043762,1.156726,-0.227228,-0.013396,-0.182458
-0.108517,2.253971,0.760334,0.011866,0.022877,-0.067982,0.997354,-0.247308,0.139598,0.253566,0.616049,-0.425000,-0.034205,0.028904,-0.623826,-0.570856,0.760381,-0.226665,0.090537,0.005183,0.086983,0.267527,-0.188717,0.168998,-0.412910,0.975990,0.029711,-0.026317,0.379543,-0.242243,-0.245786,0.065889,1.130528,-0.248666,-0.012386,-0.181144
-0.107726,2.277809,0.761458,0.006590,0.020963,-0.067998,0.997443,-0.249543,0.115618,0.261926,0.625913,-0.432194,-0.004992,0.039972,-0.512192,-0.543142,0.873232,-0.271237,0.124195,0.018541,0.081141,0.275505,-0.184592,0.191821,-0.365803,0.968638,0.007211,-0.022525,0.379552,-0.284947,-0.209517,0.091134,1.108633,-0.244177,-0.026625,-0.186518
-0.107651,2.300358,0.762144,0.006191,0.020082,-0.069634,0.997351,-0.251105,0.082185,0.276084,0.625579,-0.430375,0.032917,0.043484,-0.367824,-0.496490,0.929189,-0.286311,0.188111,0.038975,0.065498,0.280563,-0.172746,0.211312,-0.311451,0.961929,0.008048,-0.016146,0.376395,-0.323986,-0.177473,0.114718,1.099022,-0.249698,-0.034937,-0.187106
-0.108131,2.321697,0.762632,0.001755,0.022216,-0.074392,0.996980,-0.263969,0.064541,0.285590,0.634893,-0.426243,0.055109,0.041265,-0.166876,-0.424443,0.898270,-0.257484,0.261800,0.064144,0.058662,0.277790,-0.148039,0.223483,-0.249835,0.948818,-0.003634,-0.007168,0.374778,-0.361453,-0.152240,0.146583,1.105628,-0.260237,-0.034906,-0.186764
-0.109721,2.341570,0.762802,-0.005922,0.028117,-0.080583,0.996334,-0.301357,0.063802,0.291969,0.673978,-0.413050,0.064961,0.048583,0.058816,-0.352728,0.779281,-0.203011,0.261800,0.089545,0.058608,0.265149,-0.115694,0.231719,-0.197667,0.938940,-0.031151,-0.011252,0.372692,-0.394879,-0.133393,0.177655,1.121958,-0.269963,-0.032744,-0.180833
-0.111893,2.361857,0.762598,-0.004312,0.033134,-0.084078,0.995899,-0.338015,0.040538,0.305752,0.704683,-0.383206,0.084619,0.084907,0.232181,-0.286215,0.587903,-0.149874,0.261800,0.108513,0.042371,0.254259,-0.084299,0.239335,-0.171512,0.937573,-0.045931,-0.008893,0.370522,-0.416141,-0.122642,0.194226,1.130238,-0.281860,-0.033412,-0.172259
-0.114899,2.384362,0.762000,0.010470,0.038521,-0.087862,0.995332,-0.362468,-0.016936,0.338912,0.693915,-0.331540,0.110760,0.141107,0.308850,-0.245736,0.351973,-0.088555,0.261800,0.124830,0.005634,0.244394,-0.053320,0.242731,-0.164634,0.944369,-0.044208,-0.003560,0.358078,-0.426238,-0.122339,0.198704,1.133238,-0.276953,-0.037562,-0.176413
-0.118955,2.409846,0.760886,0.037767,0.042686,-0.095672,0.993780,-0.373121,-0.102265,0.401273,0.641527,-0.253455,0.142748,0.192894,0.290468,-0.232047,0.123850,-0.009832,0.261800,0.139834,-0.051133,0.239412,-0.015566,0.238982,-0.154266,0.949685,-0.031005,0.004418,0.339599,-0.431682,-0.131775,0.199513,1.139111,-0.262891,-0.040452,-0.180718
-0.122949,2.439097,0.761440,0.046142,0.039597,-0.093464,0.993764,-0.382325,-0.157304,0.433374,0.617572,-0.172781,0.173208,0.127992,0.218819,-0.345577,0.220960,-0.121936,0.076146,0.127057,-0.055293,0.246749,0.022199,0.215622,-0.139205,0.961740,-0.029257,0.006511,0.328060,-0.432119,-0.156861,0.200890,1.147383,-0.254757,-0.040112,-0.177183
-0.130349,2.468258,0.759311,0.044207,0.042420,-0.096919,0.993405,-0.443130,-0.159249,0.477204,0.672879,-0.092390,0.183182,0.095275,0.190695,-0.434200,0.268985,-0.224611,-0.150659,0.121216,-0.032764,0.243232,0.049054,0.181662,-0.133346,0.992661,-0.046983,-0.001452,0.327006,-0.430644,-0.194402,0.202921,1.157785,-0.241599,-0.040088,-0.173269
-0.139253,2.496301,0.759205,0.039917,0.040298,-0.096189,0.993746,-0.517850,-0.150825,0.487424,0.748863,0.047666,0.149287,0.129466,0.183660,-0.494150,0.180700,-0.256294,-0.148612,0.111836,-0.005269,0.256912,0.059278,0.149375,-0.144044,1.039879,-0.058914,-0.008077,0.330495,-0.415789,-0.237321,0.194476,1.157385,-0.222014,-0.041857,-0.173227
-0.148314,2.522827,0.759457,0.035057,0.037920,-0.086944,0.994874,-0.635105,-0.210871,0.334428,0.820656,0.219694,0.016424,0.137939,0.170509,-0.514994,0.135326,-0.283193,-0.137146,0.092260,0.021028,0.270638,0.060425,0.124746,-0.169477,1.092129,-0.074288,-0.006321,0.323885,-0.383998,-0.279594,0.176196,1.157671,-0.199261,-0.042751,-0.179180
-0.155143,2.548079,0.758787,0.028098,0.029999,-0.079836,0.995960,-0.622972,-0.256089,0.220264,0.767275,0.250794,-0.261800,0.142921,0.148541,-0.527336,0.137092,-0.318121,-0.112966,0.076615,0.045705,0.288546,0.069664,0.111105,-0.195412,1.132506,-0.103295,-0.011656,0.311843,-0.338115,-0.313617,0.155479,1.164105,-0.190458,-0.037669,-0.178254
-0.160325,2.571093,0.759313,0.023951,0.026098,-0.078036,0.996321,-0.591741,-0.176638,0.294566,0.742624,0.129639,-0.261800,0.141700,0.122760,-0.541777,0.137856,-0.338673,-0.090997,0.063410,0.057893,0.293554,0.092305,0.104130,-0.203857,1.152137,-0.111292,-0.011139,0.307917,-0.287079,-0.334500,0.136376,1.180556,-0.189877,-0.031024,-0.174209
-0.164372,2.591493,0.762154,0.023838,0.027815,-0.081084,0.996034,-0.580258,-0.083252,0.331936,0.732754,0.023601,-0.261800,0.128178,0.091657,-0.545291,0.136530,-0.342330,-0.071440,0.052819,0.055088,0.285846,0.119743,0.103579,-0.196781,1.160799,-0.113638,-0.011831,0.310477,-0.235000,-0.339129,0.114578,1.202851,-0.185709,-0.021718,-0.172453
-0.167308,2.609846,0.766004,0.023650,0.028895,-0.083028,0.995847,-0.559908,0.028736,0.347271,0.727692,-0.084081,-0.261800,0.117470,0.062450,-0.545882,0.135114,-0.335393,-0.048201,0.045147,0.048690,0.278335,0.136583,0.111618,-0.192570,1.171881,-0.122676,-0.010721,0.311869,-0.170509,-0.335638,0.088141,1.212445,-0.177665,-0.010194,-0.168631
-0.169158,2.627074,0.769584,0.021058,0.028065,-0.081767,0.996034,-0.511621,0.188615,0.435136,0.732213,-0.151843,-0.261800,0.113646,0.040163,-0.551962,0.133729,-0.321085,-0.026531,0.037983,0.044474,0.272185,0.143510,0.124643,-0.186651,1.183666,-0.131265,-0.010827,0.314930,-0.097619,-0.328166,0.066323,1.217203,-0.167278,-0.011005,-0.158583
-0.168846,2.644547,0.772353,0.016251,0.023519,-0.079655,0.996412,-0.445546,0.340676,0.511065,0.733062,-0.197413,-0.260260,0.121858,0.021116,-0.555995,0.133151,-0.304758,0.001489,0.031172,0.044469,0.269149,0.148904,0.136090,-0.171957,1.186162,-0.135041,-0.006607,0.315032,-0.024497,-0.318840,0.050245,1.226529,-0.155689,-0.013907,-0.148204
-0.167807,2.663739,0.774265,0.012925,0.022377,-0.070220,0.997197,-0.409987,0.440147,0.517764,0.721141,-0.180123,-0.168325,0.118349,-0.008957,-0.572529,0.150196,-0.294570,0.031661,0.009499,0.043640,0.257591,0.151278,0.145902,-0.160970,1.181123,-0.134769,-0.006812,0.314775,0.041039,-0.308712,0.032301,1.240540,-0.149451,-0.009389,-0.143722
-0.165695,2.683513,0.774875,0.008630,0.021324,-0.059827,0.997944,-0.401209,0.514904,0.464710,0.716866,-0.119840,-0.091028,0.099123,-0.050057,-0.583385,0.213522,-0.307344,0.061186,-0.013951,0.043847,0.245623,0.149514,0.156826,-0.154049,1.169855,-0.121913,-0.010850,0.320415,0.099992,-0.297084,0.007398,1.253181,-0.136238,-0.007373,-0.138574
-0.162184,2.704337,0.773991,0.002877,0.019424,-0.048690,0.998621,-0.391742,0.564340,0.388128,0.688572,-0.071946,-0.059148,0.091200,-0.086373,-0.588812,0.262511,-0.313910,0.098275,-0.035990,0.047065,0.234227,0.141981,0.170231,-0.153837,1.158482,-0.107420,-0.018282,0.329785,0.154697,-0.285047,-0.020538,1.261717,-0.117612,-0.004728,-0.134831
-0.158113,2.726825,0.771961,-0.004462,0.017620,-0.039867,0.999040,-0.372724,0.599384,0.321993,0.632898,-0.023504,-0.052788,0.085840,-0.118828,-0.587493,0.305115,-0.316657,0.135835,-0.051197,0.054337,0.223878,0.126941,0.183530,-0.158409,1.149808,-0.080888,-0.021205,0.340569,0.199751,-0.274852,-0.044716,1.270487,-0.099449,-0.005281,-0.130139
-0.154138,2.751895,0.769223,-0.010856,0.019466,-0.028739,0.999338,-0.358512,0.607092,0.250791,0.554235,0.022917,-0.074561,0.076190,-0.156627,-0.593883,0.342907,-0.314896,0.177110,-0.070357,0.062808,0.211587,0.106460,0.195138,-0.158669,1.138261,-0.063115,-0.029493,0.354237,0.229042,-0.267581,-0.057989,1.279634,-0.083583,-0.005530,-0.129588
-0.150539,2.779737,0.766418,-0.013936,0.023973,-0.013077,0.999530,-0.357469,0.582459,0.167064,0.488407,0.047268,-0.092582,0.061987,-0.209523,-0.603980,0.385054,-0.307476,0.231670,-0.094021,0.067663,0.200207,0.075335,0.205167,-0.166885,1.129094,-0.056191,-0.041901,0.377149,0.244546,-0.261516,-0.072927,1.283219,-0.078911,-0.004308,-0.127867
-0.146690,2.810726,0.763569,-0.016999,0.029592,-0.001245,0.999417,-0.311044,0.541319,0.124375,0.376361,0.099621,-0.252170,0.041313,-0.263487,-0.598139,0.425906,-0.282637,0.261800,-0.105596,0.076851,0.190484,0.038204,0.211414,-0.184544,1.121410,-0.045455,-0.056961,0.404035,0.250834,-0.259569,-0.087056,1.278344,-0.073986,-0.004097,-0.127579
-0.143348,2.846454,0.761009,-0.014393,0.039828,0.008122,0.999070,-0.245678,0.477278,0.186266,0.247799,0.062819,-0.261800,0.005929,-0.333807,-0.578931,0.461691,-0.240152,0.261800,-0.110296,0.081567,0.174215,-0.001661,0.212549,-0.207276,1.111421,-0.027339,-0.063164,0.420641,0.244234,-0.264092,-0.095265,1.268826,-0.068062,-0.006137,-0.135296
-0.139670,2.882399,0.761479,-0.017778,0.046397,0.005603,0.998749,-0.241446,0.436281,0.188637,0.256028,-0.056295,-0.261800,-0.000190,-0.365164,-0.549274,0.416623,-0.148504,0.261800,-0.095435,0.097696,0.173200,-0.039263,0.207673,-0.218882,1.090770,-0.007146,-0.069136,0.432453,0.216257,-0.271410,-0.099594,1.256710,-0.077957,-0.004908,-0.148117
-0.136768,2.919925,0.765108,-0.013638,0.057300,-0.003448,0.998258,-0.285045,0.390765,0.220858,0.349112,-0.151415,-0.261800,0.002935,-0.401630,-0.533561,0.308714,-0.019667,0.261800,-0.072055,0.102073,0.168719,-0.069223,0.197781,-0.221691,1.059059,0.006382,-0.074510,0.446353,0.171460,-0.280206,-0.104438,1.236018,-0.088926,-0.005941,-0.158237
-0.133508,2.959539,0.767604,-0.002381,0.067135,-0.018366,0.997572,-0.317640,0.330626,0.272159,0.433398,-0.220868,-0.208420,-0.002017,-0.460368,-0.521936,0.210635,0.104870,0.261800,-0.042022,0.094480,0.157342,-0.089584,0.188203,-0.229310,1.041918,0.012779,-0.083582,0.450034,0.117142,-0.289449,-0.100805,1.218406,-0.100908,-0.007624,-0.165197
-0.128471,2.997205,0.769085,0.010353,0.064759,-0.032875,0.997306,-0.296200,0.264228,0.332062,0.460502,-0.267664,-0.167326,-0.027568,-0.549172,-0.532944,0.266158,0.074852,0.261800,-0.019146,0.080881,0.162790,-0.101694,0.188571,-0.249139,1.039493,0.011867,-0.082999,0.447801,0.053729,-0.293379,-0.073573,1.205434,-0.124530,-0.009016,-0.170345
-0.124448,3.030828,0.770662,0.009841,0.061763,-0.041357,0.997185,-0.287469,0.223946,0.364145,0.488073,-0.310681,-0.111460,-0.004706,-0.556380,-0.574092,0.313610,-0.026833,0.261800,-0.012330,0.086886,0.170608,-0.103400,0.200643,-0.261302,1.033212,0.011864,-0.074191,0.440945,-0.022573,-0.287268,-0.030121,1.195022,-0.155468,-0.009237,-0.179944
-0.120627,3.061518,0.772803,0.009783,0.054110,-0.041220,0.997636,-0.261774,0.172220,0.380794,0.482069,-0.331272,-0.053667,0.042383,-0.556199,-0.632069,0.426553,-0.118455,0.229775,-0.019145,0.084664,0.184969,-0.093704,0.211992,-0.247567,1.028098,0.011201,-0.059511,0.422846,-0.092570,-0.265004,-0.003675,1.174870,-0.192298,-0.009692,-0.180737
-0.116735,3.088487,0.774470,0.007607,0.043935,-0.043898,0.998040,-0.223859,0.132347,0.397113,0.463959,-0.344972,-0.022001,0.099069,-0.531078,-0.683746,0.558390,-0.199138,0.178357,-0.014505,0.078776,0.197868,-0.076796,0.224273,-0.232335,1.030733,-0.018964,-0.042105,0.401087,-0.146179,-0.231199,0.015970,1.143072,-0.211630,-0.010805,-0.180417
-0.113493,3.112601,0.775096,0.004295,0.036379,-0.048567,0.998148,-0.199239,0.103234,0.411197,0.459684,-0.357868,0.007835,0.130124,-0.461122,-0.668815,0.677486,-0.249797,0.167879,-0.000539,0.071103,0.203482,-0.059369,0.242108,-0.229581,1.037416,-0.049936,-0.024397,0.379512,-0.189171,-0.192658,0.036929,1.110793,-0.219094,-0.019218,-0.193407
-0.111338,3.135115,0.774766,-0.000049,0.030052,-0.054164,0.998080,-0.183182,0.080495,0.424709,0.463675,-0.370747,0.040461,0.128213,-0.308619,-0.539672,0.730131,-0.235395,0.259379,0.016620,0.064088,0.208401,-0.036183,0.259658,-0.218367,1.036870,-0.039161,-0.009792,0.358671,-0.229618,-0.154672,0.056671,1.085543,-0.232459,-0.027979,-0.199416
-0.111041,3.155226,0.774136,-0.014701,0.030085,-0.066767,0.997207,-0.200148,0.101141,0.440298,0.513062,-0.396317,0.057278,0.115261,-0.065929,-0.379513,0.696050,-0.188187,0.261800,0.049690,0.076089,0.201461,-0.005433,0.270323,-0.194587,1.026594,-0.034476,-0.001904,0.349667,-0.263123,-0.123702,0.082299,1.067328,-0.251819,-0.031920,-0.196096
-0.111276,3.175217,0.772705,-0.020145,0.028163,-0.073105,0.996723,-0.217505,0.096268,0.448605,0.558354,-0.399752,0.073921,0.138103,0.144289,-0.254351,0.605953,-0.151104,0.261800,0.072377,0.071441,0.196787,0.027465,0.272473,-0.166828,1.013645,-0.046228,-0.000024,0.353434,-0.287994,-0.102064,0.111062,1.060837,-0.258791,-0.040884,-0.194175
-0.112462,3.196151,0.771472,-0.015798,0.028856,-0.076344,0.996539,-0.239835,0.065429,0.462066,0.587000,-0.374926,0.091665,0.167787,0.272044,-0.181349,0.484759,-0.112294,0.261800,0.090656,0.051275,0.188819,0.053691,0.269232,-0.155568,1.008132,-0.052190,0.003223,0.357372,-0.302272,-0.090853,0.131738,1.059210,-0.267419,-0.044337,-0.195766
-0.115146,3.218897,0.771120,-0.002650,0.030648,-0.080327,0.996294,-0.255751,0.009401,0.488851,0.581029,-0.322645,0.116131,0.196076,0.311075,-0.162222,0.334705,-0.068921,0.261800,0.107540,0.017498,0.184572,0.074827,0.260532,-0.152093,1.007113,-0.049735,0.002445,0.346412,-0.308370,-0.089534,0.141675,1.063330,-0.269648,-0.045380,-0.194652
-0.119488,3.243736,0.770236,0.020194,0.033343,-0.082033,0.995867,-0.268051,-0.076845,0.524494,0.539681,-0.240113,0.142105,0.229517,0.295866,-0.150676,0.120667,0.013794,0.261800,0.116836,-0.030112,0.183555,0.090351,0.244120,-0.151779,1.013542,-0.036588,0.004495,0.333102,-0.309338,-0.099531,0.146015,1.077789,-0.265312,-0.042330,-0.195921
-0.124266,3.271910,0.771650,0.026284,0.025678,-0.067615,0.997035,-0.270630,-0.136655,0.526922,0.524404,-0.152730,0.171048,0.161392,0.239502,-0.254849,0.183522,-0.051384,0.159164,0.094665,-0.032421,0.206228,0.094126,0.220802,-0.165594,1.032551,-0.035830,-0.000778,0.332447,-0.301318,-0.125538,0.149695,1.091562,-0.264763,-0.033653,-0.197161
-0.132698,3.300055,0.769407,0.022756,0.028126,-0.059478,0.997574,-0.351551,-0.135678,0.533373,0.623887,-0.066103,0.174195,0.095895,0.207459,-0.361119,0.301765,-0.172563,-0.130200,0.078695,-0.008972,0.211288,0.090196,0.190626,-0.183880,1.062019,-0.039220,-0.011653,0.338636,-0.295697,-0.167280,0.157555,1.114119,-0.257949,-0.030059,-0.193592
-0.141854,3.326316,0.769106,0.015224,0.022305,-0.047569,0.998503,-0.448620,-0.131207,0.480289,0.752913,0.074760,0.142899,0.141686,0.205582,-0.424405,0.211404,-0.198096,-0.136382,0.062446,0.021243,0.237512,0.072325,0.166127,-0.212276,1.097311,-0.046608,-0.015578,0.348296,-0.271555,-0.211164,0.148199,1.122563,-0.247262,-0.027328,-0.192257
-0.150589,3.351357,0.767870,0.011918,0.018549,-0.029399,0.999325,-0.561577,-0.195617,0.326237,0.835034,0.258302,-0.063301,0.164508,0.192731,-0.454254,0.152795,-0.231961,-0.127591,0.040104,0.040132,0.256864,0.051669,0.151767,-0.242376,1.128407,-0.063938,-0.022327,0.348377,-0.230783,-0.250295,0.123612,1.126639,-0.233263,-0.019409,-0.193107
-0.157354,3.375899,0.765746,0.010966,0.011463,-0.008582,0.999837,-0.558180,-0.197855,0.324228,0.821727,0.337654,-0.261800,0.179991,0.164030,-0.493817,0.137311,-0.276366,-0.105683,0.015042,0.050421,0.277110,0.038991,0.147828,-0.263243,1.141249,-0.071342,-0.029073,0.356183,-0.176403,-0.280231,0.099277,1.131932,-0.213803,-0.015459,-0.196541
-0.162391,3.397402,0.765422,0.008829,0.006567,0.003726,0.999933,-0.543494,-0.093504,0.436875,0.869239,0.162751,-0.261800,0.189264,0.137936,-0.528768,0.132211,-0.306833,-0.086843,0.003455,0.058253,0.288603,0.037147,0.149217,-0.262227,1.137372,-0.065520,-0.031887,0.366892,-0.117190,-0.299272,0.078121,1.146558,-0.196555,-0.016980,-0.195665
-0.166032,3.417907,0.767349,0.009543,0.006834,0.010750,0.999873,-0.529039,-0.005461,0.512720,0.870470,0.037164,-0.261800,0.186748,0.103191,-0.551431,0.130541,-0.318209,-0.064521,-0.002739,0.056035,0.287981,0.043070,0.152829,-0.240132,1.124402,-0.067878,-0.032508,0.373938,-0.063317,-0.303729,0.058997,1.175368,-0.184102,-0.013003,-0.188413
-0.168204,3.437638,0.770387,0.010895,0.008809,0.014486,0.999797,-0.522545,0.069729,0.529386,0.853463,-0.047429,-0.261800,0.180036,0.065359,-0.557293,0.132953,-0.318576,-0.031629,-0.008157,0.048508,0.282512,0.051715,0.161820,-0.218947,1.111271,-0.073720,-0.032858,0.378356,-0.014980,-0.297907,0.048620,1.211050,-0.165666,-0.007809,-0.176319
-0.169014,3.456815,0.772685,0.010576,0.009916,0.015888,0.999769,-0.500384,0.173221,0.548952,0.836035,-0.104291,-0.261800,0.178394,0.033801,-0.559333,0.131690,-0.315148,-0.001349,-0.011590,0.040300,0.277301,0.057482,0.176373,-0.207517,1.105264,-0.071820,-0.033088,0.381394,0.030867,-0.285391,0.041490,1.239866,-0.150745,0.001025,-0.155902
-0.168483,3.476035,0.773763,0.009569,0.007786,0.016406,0.999789,-0.460885,0.291686,0.568700,0.818812,-0.134956,-0.261800,0.188229,0.006234,-0.560455,0.125943,-0.313606,0.027901,-0.013877,0.030955,0.276967,0.058085,0.194291,-0.204932,1.107498,-0.068766,-0.030173,0.380486,0.074758,-0.269915,0.036886,1.259980,-0.147033,0.006354,-0.139959
-0.166940,3.496842,0.774330,0.007668,0.006491,0.021882,0.999710,-0.439403,0.391138,0.550975,0.797455,-0.120415,-0.159082,0.198063,-0.022489,-0.568161,0.123985,-0.308808,0.061178,-0.026828,0.023173,0.274442,0.058332,0.211060,-0.200835,1.110651,-0.068525,-0.030270,0.374776,0.114098,-0.253493,0.025724,1.269761,-0.143742,0.009270,-0.134145
-0.164140,3.519100,0.774367,0.002030,0.008218,0.024675,0.999660,-0.447132,0.470153,0.468780,0.769909,-0.083661,-0.061693,0.198986,-0.046758,-0.569822,0.128260,-0.296523,0.094260,-0.039208,0.023166,0.263777,0.060669,0.223647,-0.193862,1.115936,-0.068194,-0.029749,0.372244,0.145263,-0.239278,0.013808,1.274105,-0.138863,0.009181,-0.137175
-0.160060,3.543327,0.773386,-0.004303,0.009622,0.021682,0.999709,-0.449749,0.516802,0.345225,0.709407,-0.030933,-0.011518,0.198701,-0.073331,-0.556828,0.134900,-0.280787,0.130482,-0.044993,0.025275,0.251458,0.067484,0.231588,-0.183949,1.119152,-0.075336,-0.029875,0.368648,0.166798,-0.229107,0.001313,1.274634,-0.129917,0.009976,-0.137379
-0.155250,3.569736,0.770871,-0.009420,0.010270,0.018060,0.999740,-0.441829,0.533001,0.205689,0.635067,0.014861,0.015617,0.180737,-0.118479,-0.533727,0.189923,-0.288113,0.176438,-0.051954,0.026759,0.241041,0.073348,0.239348,-0.184778,1.119182,-0.071574,-0.026775,0.362644,0.179769,-0.222932,-0.010596,1.269223,-0.128091,0.011291,-0.137928
-0.150009,3.599142,0.766639,-0.014674,0.010785,0.016844,0.999692,-0.413750,0.544612,0.122859,0.559010,0.018089,0.001022,0.160549,-0.169712,-0.507316,0.252941,-0.293413,0.233188,-0.062824,0.033295,0.233365,0.072132,0.248664,-0.203513,1.120490,-0.060946,-0.026519,0.359879,0.186794,-0.221931,-0.024688,1.253197,-0.128687,0.009864,-0.141229
-0.144641,3.631463,0.761876,-0.021433,0.015685,0.016254,0.999515,-0.375732,0.547344,0.069655,0.470283,0.057264,-0.102099,0.134579,-0.212350,-0.469539,0.296117,-0.276307,0.261800,-0.069195,0.048678,0.220317,0.062290,0.253485,-0.224867,1.122539,-0.036916,-0.022598,0.356409,0.188841,-0.226886,-0.036360,1.231350,-0.125595,0.006364,-0.145059
-0.139077,3.669412,0.756862,-0.024025,0.023575,0.016502,0.999297,-0.269473,0.508119,0.074047,0.285034,0.063422,-0.261800,0.104122,-0.267305,-0.433575,0.329092,-0.242415,0.261800,-0.073160,0.065427,0.202033,0.049069,0.246738,-0.241283,1.121198,-0.023121,-0.013383,0.350925,0.181744,-0.242597,-0.043411,1.216813,-0.126610,0.002230,-0.149420
-0.133204,3.709779,0.755310,-0.024937,0.032017,0.012509,0.999098,-0.227624,0.457282,0.091919,0.234969,-0.044233,-0.261800,0.097408,-0.316189,-0.413929,0.293844,-0.157125,0.261800,-0.067842,0.085154,0.187929,0.031271,0.229706,-0.253701,1.117047,-0.018851,-0.010857,0.340986,0.159959,-0.264034,-0.048152,1.208661,-0.128663,0.002053,-0.160888
-0.128698,3.749955,0.758630,-0.019036,0.046896,0.000655,0.998718,-0.279643,0.404572,0.128613,0.340344,-0.148772,-0.261800,0.083510,-0.372941,-0.394790,0.212654,-0.020751,0.261800,-0.047252,0.091500,0.170775,0.006466,0.212511,-0.268329,1.105562,-0.002700,-0.000391,0.336673,0.118035,-0.283678,-0.050629,1.206166,-0.124131,0.002905,-0.165401
-0.124195,3.791289,0.762755,-0.012150,0.050969,-0.014623,0.998519,-0.318157,0.356040,0.172100,0.467655,-0.232023,-0.243570,0.058165,-0.449559,-0.389013,0.200393,0.085618,0.261800,-0.019079,0.098558,0.170730,-0.015462,0.199738,-0.286291,1.092164,0.021423,0.006341,0.323719,0.068015,-0.298087,-0.046552,1.213252,-0.116995,0.002738,-0.173376
-0.119110,3.831306,0.765293,0.001502,0.046327,-0.028921,0.998506,-0.293133,0.283713,0.234799,0.503024,-0.282424,-0.188677,-0.015487,-0.570947,-0.416232,0.375171,0.015340,0.237095,0.003750,0.088097,0.184503,-0.021980,0.196029,-0.277230,1.051458,0.050413,0.019492,0.315696,0.011717,-0.304861,-0.017882,1.217664,-0.126688,0.005760,-0.160254
-0.114708,3.866234,0.768387,-0.004358,0.041896,-0.049451,0.997888,-0.270596,0.264199,0.287240,0.532655,-0.331286,-0.136210,-0.009547,-0.573307,-0.485448,0.440235,-0.043385,0.200130,0.031434,0.105690,0.196212,-0.011365,0.201824,-0.250051,0.989661,0.052804,0.013828,0.331817,-0.062358,-0.304755,0.051746,1.234367,-0.138881,0.000090,-0.153299
-0.110587,3.897749,0.772462,-0.001484,0.032744,-0.057208,0.997824,-0.224464,0.208600,0.327073,0.505219,-0.343083,-0.082506,0.022201,-0.578687,-0.546631,0.561459,-0.120870,0.155936,0.036558,0.097539,0.216422,0.002106,0.213655,-0.207167,0.934502,0.047242,-0.003610,0.348874,-0.136472,-0.283338,0.101546,1.241044,-0.179291,0.007529,-0.155876
-0.106303,3.925124,0.775418,-0.002701,0.024286,-0.056375,0.998111,-0.190822,0.163553,0.341387,0.482457,-0.345807,-0.046608,0.064742,-0.544343,-0.589939,0.698980,-0.191833,0.118243,0.031119,0.088660,0.229555,0.015661,0.232943,-0.166414,0.902525,0.018983,-0.012043,0.356788,-0.193780,-0.242132,0.118913,1.220810,-0.216226,0.017846,-0.157674
-0.102885,3.949894,0.776849,-0.006035,0.020875,-0.056918,0.998142,-0.180002,0.131746,0.351100,0.481528,-0.351343,-0.011882,0.080688,-0.453076,-0.573729,0.808998,-0.227347,0.129982,0.036745,0.081072,0.231347,0.019620,0.258214,-0.144303,0.894469,-0.012337,-0.008747,0.361519,-0.235359,-0.196604,0.127647,1.176466,-0.225103,0.009597,-0.165363
-0.100833,3.973962,0.777176,-0.007557,0.020088,-0.058946,0.998030,-0.186119,0.102505,0.368779,0.500729,-0.355511,0.030581,0.077731,-0.307357,-0.506126,0.854399,-0.200301,0.240849,0.050488,0.070465,0.230185,0.021876,0.277832,-0.119101,0.888976,-0.015062,-0.002125,0.359254,-0.272330,-0.158932,0.150325,1.128287,-0.226952,-0.013041,-0.173357
-0.100879,3.995705,0.777133,-0.020857,0.024520,-0.069473,0.997064,-0.231141,0.123131,0.379871,0.580218,-0.363567,0.044083,0.066937,-0.081189,-0.426108,0.807272,-0.135531,0.261800,0.083252,0.082809,0.219830,0.032850,0.285090,-0.084308,0.871669,-0.009749,0.002039,0.360396,-0.313989,-0.133476,0.192052,1.102148,-0.235612,-0.034122,-0.179206
-0.101715,4.016946,0.775937,-0.029259,0.027393,-0.077659,0.996174,-0.281044,0.134387,0.384057,0.666814,-0.354990,0.052351,0.079653,0.135976,-0.344856,0.695467,-0.070168,0.261800,0.112184,0.086931,0.210101,0.050834,0.283091,-0.058907,0.853194,-0.020125,-0.004722,0.367336,-0.356427,-0.116468,0.227766,1.096777,-0.259422,-0.039134,-0.176709
-0.103687,4.039481,0.774611,-0.025360,0.029118,-0.084448,0.995679,-0.319412,0.113494,0.406118,0.721082,-0.316557,0.065786,0.108241,0.274610,-0.281092,0.559812,-0.025931,0.261800,0.137085,0.069396,0.205701,0.068488,0.275470,-0.049191,0.840997,-0.022663,-0.006416,0.367180,-0.396126,-0.108004,0.248036,1.104532,-0.268983,-0.037766,-0.170194
-0.106595,4.064179,0.773741,-0.011570,0.029537,-0.093853,0.995081,-0.336778,0.064556,0.451416,0.726861,-0.260717,0.095136,0.138517,0.317040,-0.255959,0.429664,0.027556,0.261800,0.158974,0.035921,0.207903,0.089270,0.260366,-0.045632,0.833888,-0.017154,-0.002624,0.353418,-0.430861,-0.109703,0.263044,1.117915,-0.268064,-0.037447,-0.166517
-0.109802,4.091065,0.772476,0.006303,0.028412,-0.105803,0.993961,-0.337617,-0.000337,0.504453,0.693699,-0.199250,0.120800,0.174865,0.313929,-0.222771,0.266785,0.132436,0.261800,0.175074,-0.000764,0.210580,0.116905,0.235462,-0.036883,0.830727,-0.048140,0.006614,0.323058,-0.458235,-0.123764,0.285420,1.132924,-0.268821,-0.031857,-0.162465
-0.112696,4.121653,0.772954,0.014721,0.019860,-0.102956,0.994379,-0.322796,-0.067792,0.527520,0.647153,-0.124787,0.151088,0.116336,0.259564,-0.247301,0.350530,0.055807,0.164064,0.155873,-0.008132,0.227265,0.142133,0.200988,-0.024897,0.825498,-0.102861,0.019625,0.286875,-0.468787,-0.151976,0.295607,1.131740,-0.280019,-0.028696,-0.164205
-0.118823,4.152852,0.768083,0.021904,0.027517,-0.100989,0.994266,-0.376223,-0.105359,0.569086,0.662335,-0.050137,0.180661,0.072306,0.197373,-0.369907,0.429129,-0.114299,-0.134914,0.136080,-0.008173,0.209076,0.159822,0.162259,-0.019741,0.830651,-0.133865,0.017285,0.268588,-0.467522,-0.193348,0.285806,1.126144,-0.268846,-0.031373,-0.166968
-0.126544,4.182105,0.765568,0.016847,0.028721,-0.091544,0.995244,-0.434639,-0.105295,0.584642,0.716920,0.054856,0.166161,0.112420,0.192212,-0.418529,0.333829,-0.191037,-0.154255,0.115005,0.016309,0.213632,0.149915,0.135688,-0.029966,0.850132,-0.128498,0.012846,0.276914,-0.442686,-0.243590,0.255215,1.103608,-0.235002,-0.039002,-0.182715
-0.135027,4.209506,0.764130,0.009990,0.029635,-0.076446,0.996583,-0.538849,-0.127718,0.491503,0.797775,0.196353,0.075193,0.142335,0.195443,-0.423535,0.234194,-0.224508,-0.131916,0.095127,0.041365,0.224080,0.120490,0.123121,-0.045493,0.875578,-0.105756,0.018472,0.288294,-0.398959,-0.296611,0.216201,1.089259,-0.198117,-0.048756,-0.196456
-0.142478,4.234919,0.762645,0.002913,0.025593,-0.057547,0.998010,-0.580068,-0.192227,0.343202,0.799571,0.267957,-0.261800,0.168884,0.192026,-0.448010,0.168097,-0.248134,-0.116828,0.074788,0.063470,0.241724,0.086198,0.126686,-0.072806,0.894286,-0.099028,0.023213,0.300995,-0.342012,-0.341651,0.182677,1.097974,-0.191573,-0.041263,-0.201782
-0.147694,4.259742,0.761786,0.003393,0.018419,-0.033561,0.999261,-0.555755,-0.176657,0.384364,0.803062,0.195839,-0.261800,0.182927,0.157703,-0.504221,0.158151,-0.285855,-0.096478,0.046879,0.067746,0.258462,0.058775,0.140457,-0.098633,0.904040,-0.088448,0.018530,0.310709,-0.271991,-0.373890,0.157016,1.130929,-0.191027,-0.029907,-0.196375
-0.151360,4.281635,0.763675,0.007520,0.015524,-0.016377,0.999717,-0.551409,-0.123248,0.427799,0.849898,0.078070,-0.261800,0.190541,0.117418,-0.547383,0.147387,-0.306255,-0.076370,0.028831,0.059257,0.265161,0.038415,0.157640,-0.109932,0.901514,-0.074089,0.015383,0.319774,-0.200489,-0.386707,0.139233,1.182775,-0.178402,-0.021162,-0.183560
-0.153619,4.301847,0.766984,0.010897,0.014649,-0.004683,0.999822,-0.553640,-0.052805,0.422080,0.897761,-0.032680,-0.261800,0.192492,0.077419,-0.566670,0.142662,-0.309924,-0.047331,0.018441,0.048403,0.267326,0.019947,0.176919,-0.116471,0.900330,-0.074804,0.009022,0.330905,-0.128628,-0.383348,0.120384,1.234429,-0.161969,-0.006823,-0.160746
-0.154540,4.321224,0.770015,0.012128,0.015705,0.001826,0.999801,-0.538216,0.071975,0.450532,0.936045,-0.106788,-0.261800,0.191656,0.042733,-0.576309,0.138687,-0.307425,-0.019191,0.013517,0.038477,0.262789,0.004944,0.194699,-0.115000,0.903966,-0.071465,0.012059,0.337049,-0.057778,-0.369315,0.105840,1.278805,-0.148218,0.005155,-0.137054
-0.153713,4.340551,0.771692,0.012482,0.015268,0.006084,0.999787,-0.506364,0.214328,0.481997,0.951728,-0.153077,-0.261800,0.198125,0.011840,-0.582096,0.132872,-0.308094,0.009677,0.009770,0.026892,0.257442,-0.005880,0.210789,-0.109550,0.910518,-0.070055,0.011902,0.334690,0.013494,-0.348514,0.096277,1.308344,-0.147054,0.013527,-0.124232
-0.151850,4.361514,0.772156,0.012552,0.015374,0.015724,0.999679,-0.483462,0.330117,0.486089,0.930318,-0.169196,-0.178635,0.205825,-0.022068,-0.595300,0.131212,-0.307916,0.046861,-0.009035,0.015955,0.250204,-0.013441,0.226890,-0.113630,0.917499,-0.066806,0.010979,0.336484,0.083233,-0.324535,0.075914,1.312254,-0.147462,0.023335,-0.121899
-0.148999,4.383763,0.771958,0.007839,0.014613,0.024910,0.999552,-0.470383,0.424949,0.453292,0.871784,-0.152558,-0.105507,0.215678,-0.047470,-0.603016,0.133101,-0.298029,0.085462,-0.029971,0.014880,0.244647,-0.020970,0.241108,-0.123386,0.929467,-0.055103,0.011197,0.336047,0.148647,-0.300459,0.043360,1.299180,-0.140821,0.022591,-0.124565
-0.144843,4.407714,0.770986,0.000162,0.013466,0.028855,0.999493,-0.455061,0.499570,0.401977,0.773943,-0.102833,-0.061793,0.225746,-0.069579,-0.594341,0.135476,-0.277501,0.132324,-0.046954,0.019285,0.237559,-0.022607,0.254057,-0.140420,0.945610,-0.025099,0.015020,0.339290,0.200087,-0.278978,0.021670,1.288904,-0.124248,0.017469,-0.132248
-0.139945,4.434277,0.769013,-0.007213,0.013747,0.031763,0.999375,-0.446970,0.541078,0.320445,0.658809,-0.045619,-0.021667,0.223188,-0.104083,-0.578051,0.164092,-0.264839,0.186805,-0.065422,0.025437,0.228630,-0.021591,0.265862,-0.163466,0.960986,0.002735,0.015657,0.337782,0.234209,-0.262644,0.011064,1.286342,-0.120941,0.017441,-0.138246
-0.134515,4.464455,0.765960,-0.015621,0.014796,0.033968,0.999191,-0.434719,0.545999,0.194203,0.531101,0.022780,-0.047074,0.208941,-0.147720,-0.560102,0.218607,-0.257239,0.241544,-0.081712,0.038952,0.220675,-0.022491,0.275082,-0.195173,0.974514,0.024058,0.012531,0.337637,0.256123,-0.253386,0.002950,1.283998,-0.125554,0.017124,-0.136407
-0.129195,4.497820,0.763508,-0.021636,0.024566,0.032301,0.998942,-0.457386,0.514106,0.018154,0.471633,0.101766,-0.026642,0.178791,-0.191983,-0.531743,0.247544,-0.226707,0.261800,-0.091109,0.053468,0.199855,-0.024579,0.277318,-0.221193,0.984545,0.047588,0.010967,0.341707,0.260221,-0.252564,-0.001906,1.284009,-0.123417,0.016241,-0.133791
-0.122504,4.537117,0.760443,-0.025242,0.030197,0.024139,0.998934,-0.337560,0.480773,-0.017696,0.290111,0.114675,-0.261800,0.165417,-0.240376,-0.497379,0.246506,-0.174048,0.261800,-0.086964,0.073693,0.186878,-0.025049,0.267425,-0.245138,0.994603,0.057496,0.011068,0.345358,0.253856,-0.264163,-0.011731,1.285865,-0.128066,0.017657,-0.129029
-0.116273,4.579572,0.760263,-0.018539,0.041617,0.015118,0.998847,-0.275317,0.426806,0.077819,0.216317,0.044181,-0.261800,0.140283,-0.316537,-0.474785,0.232666,-0.094175,0.261800,-0.078968,0.082516,0.168646,-0.030841,0.249195,-0.267403,1.005866,0.059962,0.013801,0.344737,0.230851,-0.284400,-0.020462,1.285174,-0.125273,0.016618,-0.129063
-0.111059,4.621329,0.762838,-0.013868,0.055200,-0.001904,0.998377,-0.292322,0.381518,0.156169,0.278928,-0.076864,-0.261800,0.106594,-0.382481,-0.447542,0.194108,0.020166,0.261800,-0.054948,0.096315,0.154172,-0.036399,0.228528,-0.277147,1.013377,0.055337,0.012835,0.346244,0.187579,-0.307299,-0.018749,1.282320,-0.123758,0.014959,-0.128973
-0.107191,4.664077,0.766651,-0.001091,0.059972,-0.014714,0.998091,-0.308949,0.309492,0.214770,0.356224,-0.157275,-0.216167,0.033029,-0.502061,-0.448947,0.294701,0.055691,0.261800,-0.038374,0.096142,0.163238,-0.043662,0.209023,-0.276323,1.014851,0.039977,0.012219,0.345054,0.126951,-0.330804,-0.005327,1.276275,-0.132676,0.015290,-0.132172
-0.105174,4.702337,0.767859,0.005190,0.058282,-0.028278,0.997886,-0.319181,0.257382,0.253797,0.428138,-0.222660,-0.157926,-0.033338,-0.593033,-0.494124,0.452973,-0.041260,0.128643,-0.015176,0.098625,0.180980,-0.050152,0.202475,-0.274845,1.015055,0.017072,0.008784,0.346441,0.058040,-0.346744,0.029259,1.269325,-0.138408,0.010759,-0.136923
-0.102708,4.734931,0.769751,0.004440,0.046094,-0.037025,0.998241,-0.295870,0.221237,0.283009,0.465510,-0.266672,-0.112753,0.005401,-0.607677,-0.573479,0.535319,-0.114075,0.109139,0.002301,0.102400,0.210743,-0.042842,0.207038,-0.259666,1.005254,0.005903,0.002794,0.351106,-0.016027,-0.346378,0.079305,1.267857,-0.146976,0.004181,-0.151185
-0.099806,4.764666,0.771636,0.006787,0.034426,-0.035366,0.998758,-0.261141,0.167192,0.302516,0.458419,-0.285583,-0.067683,0.050020,-0.607340,-0.623320,0.664410,-0.194224,0.084327,0.004430,0.093888,0.232436,-0.023467,0.217440,-0.233728,0.989224,-0.005721,-0.000985,0.352382,-0.088445,-0.326720,0.110361,1.257233,-0.169624,0.005002,-0.162382
-0.097280,4.791317,0.772800,0.007563,0.027768,-0.032780,0.999048,-0.238415,0.119765,0.312533,0.446614,-0.296515,-0.030206,0.069273,-0.564085,-0.620986,0.799939,-0.248473,0.082941,0.011358,0.084579,0.242359,-0.000469,0.231392,-0.206350,0.979467,-0.032569,-0.009717,0.351382,-0.152150,-0.294427,0.120346,1.223741,-0.191923,0.006938,-0.164642
-0.095925,4.815320,0.773305,0.003723,0.025514,-0.034914,0.999058,-0.233945,0.093423,0.321446,0.452234,-0.307754,-0.003458,0.050226,-0.432066,-0.528511,0.882147,-0.243292,0.165350,0.031085,0.080977,0.245977,0.025031,0.242792,-0.168797,0.972881,-0.040275,-0.006789,0.350760,-0.211636,-0.259192,0.137602,1.174775,-0.201459,-0.001899,-0.167496
-0.095869,4.837182,0.773389,-0.007087,0.027876,-0.041067,0.998742,-0.254071,0.093693,0.330454,0.486723,-0.325032,0.025900,0.025575,-0.216158,-0.419050,0.880218,-0.186616,0.261800,0.061048,0.089889,0.240486,0.054052,0.247863,-0.128754,0.966659,-0.050723,-0.002743,0.350650,-0.271534,-0.228712,0.167558,1.134723,-0.220871,-0.022532,-0.176094
-0.096920,4.857232,0.772819,-0.018415,0.031000,-0.048314,0.998181,-0.282798,0.101729,0.338700,0.532755,-0.339774,0.049315,0.024541,0.014921,-0.347018,0.802337,-0.127786,0.261800,0.095194,0.099806,0.231151,0.080181,0.248727,-0.103046,0.969244,-0.069278,-0.001139,0.351755,-0.334966,-0.204754,0.201856,1.119762,-0.232249,-0.042118,-0.187796
-0.098671,4.877420,0.771694,-0.018164,0.033529,-0.051785,0.997930,-0.309359,0.080475,0.349856,0.565889,-0.328627,0.069501,0.048556,0.185433,-0.304583,0.670052,-0.085657,0.261800,0.120846,0.087785,0.223998,0.104805,0.247379,-0.089725,0.972801,-0.083165,0.002288,0.345722,-0.400278,-0.187367,0.233347,1.120108,-0.238786,-0.041998,-0.184316
-0.102189,4.898552,0.770645,-0.008649,0.038165,-0.055995,0.997664,-0.338248,0.039136,0.374538,0.581364,-0.290156,0.089825,0.081733,0.268929,-0.307391,0.508005,-0.030864,0.261800,0.145873,0.058826,0.218829,0.124281,0.243834,-0.090805,0.976415,-0.080158,0.010329,0.337611,-0.463741,-0.180298,0.258504,1.127663,-0.257300,-0.037897,-0.172142
-0.106846,4.922174,0.769811,0.010857,0.041935,-0.061663,0.997157,-0.351542,-0.030429,0.416148,0.553692,-0.224504,0.113892,0.110459,0.273889,-0.333953,0.350243,0.052636,0.261800,0.164250,0.017707,0.219778,0.142237,0.230561,-0.095373,0.986866,-0.066347,0.011047,0.323300,-0.524902,-0.187166,0.291944,1.143124,-0.249627,-0.041738,-0.164882
-0.111714,4.949370,0.770082,0.028952,0.037490,-0.057951,0.997195,-0.345817,-0.114185,0.437380,0.505898,-0.133004,0.130832,0.075033,0.200165,-0.411886,0.383814,0.004894,0.144955,0.158091,-0.005634,0.237682,0.151240,0.206328,-0.105037,1.008493,-0.046201,0.017009,0.316840,-0.575979,-0.209340,0.314402,1.156156,-0.247586,-0.043060,-0.163542
-0.120296,4.976086,0.766783,0.038055,0.040321,-0.055826,0.996900,-0.410433,-0.147979,0.463061,0.560939,-0.046370,0.128922,0.075044,0.144485,-0.553501,0.399396,-0.138721,-0.112873,0.150863,-0.005160,0.238344,0.150982,0.177106,-0.123280,1.038863,-0.045120,0.017439,0.314939,-0.621189,-0.243484,0.329433,1.169818,-0.232102,-0.044598,-0.159668
-0.129535,5.001732,0.765225,0.038770,0.035948,-0.045150,0.997580,-0.498186,-0.173363,0.411884,0.661076,0.089866,0.062902,0.131962,0.144787,-0.612543,0.282131,-0.201202,-0.111564,0.132053,0.015578,0.254540,0.135673,0.152324,-0.152633,1.073462,-0.040258,0.018607,0.322252,-0.641185,-0.285753,0.321715,1.165450,-0.206865,-0.050838,-0.159563
-0.138320,5.025805,0.763143,0.036695,0.032297,-0.031974,0.998293,-0.576565,-0.242385,0.248985,0.707485,0.234719,-0.255135,0.166385,0.147865,-0.609611,0.188730,-0.240581,-0.098166,0.113075,0.038118,0.265794,0.119639,0.134202,-0.178603,1.096254,-0.025930,0.019461,0.329236,-0.638203,-0.334838,0.308859,1.156558,-0.176027,-0.055495,-0.159483
-0.145324,5.050766,0.759610,0.039147,0.024620,-0.007286,0.998904,-0.555970,-0.220237,0.336244,0.679631,0.327675,-0.261800,0.173678,0.107223,-0.647286,0.197704,-0.307689,-0.072372,0.074392,0.048066,0.279593,0.110920,0.125962,-0.198404,1.099245,-0.016374,0.014875,0.340407,-0.608182,-0.382106,0.285596,1.148229,-0.160775,-0.057306,-0.164813
-0.149641,5.070646,0.758025,0.037009,0.015755,0.006797,0.999168,-0.547155,-0.159459,0.385805,0.714786,0.203685,-0.261800,0.208230,0.098521,-0.684278,0.153522,-0.329849,-0.060961,0.055446,0.058184,0.290637,0.108859,0.129103,-0.209468,1.092014,-0.012234,0.008937,0.346466,-0.549755,-0.418377,0.251040,1.140733,-0.164611,-0.054346,-0.181058
-0.152326,5.088219,0.759203,0.037952,0.011851,0.016868,0.999067,-0.534421,-0.094766,0.416234,0.717196,0.084527,-0.261800,0.217927,0.070661,-0.710992,0.149850,-0.347009,-0.043820,0.040601,0.055551,0.291849,0.107753,0.139675,-0.211223,1.086211,-0.004157,0.007809,0.349413,-0.473586,-0.436591,0.205167,1.137374,-0.164021,-0.044215,-0.189662
-0.153314,5.103927,0.762191,0.037108,0.009045,0.024123,0.998979,-0.517576,-0.014954,0.409766,0.709223,-0.017362,-0.261800,0.225225,0.045653,-0.718874,0.149930,-0.343666,-0.017230,0.028710,0.051914,0.290602,0.104883,0.154263,-0.206291,1.084592,-0.009094,0.008417,0.354519,-0.385836,-0.441077,0.160876,1.139348,-0.153539,-0.037675,-0.181667
-0.152687,5.118647,0.765392,0.034391,0.007869,0.030914,0.998899,-0.487985,0.096340,0.432338,0.690759,-0.075186,-0.261800,0.233072,0.028353,-0.728080,0.144131,-0.329361,0.010650,0.019436,0.048936,0.283825,0.099430,0.171741,-0.201904,1.088072,-0.022529,0.008636,0.355370,-0.289637,-0.437719,0.126598,1.150386,-0.138112,-0.034759,-0.162308
-0.150252,5.133479,0.767805,0.032271,0.006650,0.037469,0.998754,-0.444509,0.211087,0.477484,0.652380,-0.096332,-0.261800,0.245059,0.011158,-0.738464,0.136642,-0.317813,0.037667,0.010805,0.043294,0.273980,0.095113,0.188278,-0.195833,1.090084,-0.027472,0.012179,0.348801,-0.192395,-0.429434,0.107628,1.174623,-0.114049,-0.029399,-0.141577
-0.146653,5.148914,0.769316,0.029049,0.003918,0.043683,0.998615,-0.404956,0.312097,0.494599,0.608725,-0.066183,-0.261800,0.261810,-0.003640,-0.745375,0.130969,-0.308707,0.061166,-0.001882,0.039563,0.266472,0.094658,0.203485,-0.189125,1.084799,-0.027136,0.012572,0.341839,-0.106490,-0.415807,0.094322,1.212736,-0.085251,-0.017574,-0.123405
-0.141891,5.165362,0.769986,0.023755,0.002199,0.047699,0.998577,-0.388420,0.396554,0.461102,0.574857,0.013225,-0.233898,0.276446,-0.015564,-0.743231,0.127260,-0.297161,0.089376,-0.016925,0.040052,0.256221,0.098352,0.216386,-0.183922,1.077809,-0.025293,0.011524,0.341471,-0.034183,-0.396720,0.062984,1.258695,-0.067923,-0.001929,-0.112526
-0.136801,5.183366,0.769935,0.019623,0.006017,0.054640,0.998295,-0.402166,0.454807,0.400223,0.549158,0.109401,-0.154299,0.280127,-0.034134,-0.744065,0.126350,-0.287807,0.122758,-0.038838,0.038028,0.235510,0.101286,0.226621,-0.178755,1.072167,-0.015742,0.012433,0.339730,0.028206,-0.375408,0.016119,1.297028,-0.049222,0.020417,-0.110269
-0.130755,5.202735,0.768739,0.015358,0.009441,0.059669,0.998055,-0.413319,0.485817,0.310876,0.517864,0.165394,-0.126432,0.287486,-0.053958,-0.746268,0.123553,-0.280979,0.158370,-0.056445,0.037777,0.216137,0.101469,0.235351,-0.178599,1.070782,-0.004017,0.014313,0.337003,0.085862,-0.355249,-0.035421,1.318321,-0.027238,0.033039,-0.117614
-0.123876,5.224380,0.766617,0.009160,0.011440,0.060655,0.998051,-0.395652,0.483957,0.183012,0.448543,0.192840,-0.179872,0.298348,-0.072803,-0.747147,0.121149,-0.273033,0.192860,-0.065449,0.043753,0.200476,0.100859,0.239897,-0.178237,1.070719,0.000820,0.016080,0.334863,0.138425,-0.338897,-0.082685,1.321817,-0.012893,0.033939,-0.118923
-0.116660,5.248232,0.764879,0.003806,0.014923,0.059407,0.998115,-0.391848,0.460575,0.019744,0.417976,0.210301,-0.161423,0.304537,-0.098600,-0.744333,0.120894,-0.257524,0.232400,-0.071217,0.050663,0.184498,0.099970,0.239072,-0.175199,1.070981,0.002468,0.014582,0.335692,0.177754,-0.327087,-0.111013,1.314112,-0.001062,0.032955,-0.118074
-0.108202,5.276392,0.762357,-0.003307,0.015044,0.053155,0.998467,-0.296535,0.449204,-0.051551,0.291059,0.184510,-0.261800,0.316183,-0.126345,-0.728137,0.120459,-0.233490,0.261800,-0.072992,0.067635,0.173284,0.106260,0.229146,-0.171640,1.070029,0.002021,0.016161,0.337119,0.202484,-0.324474,-0.118965,1.305632,0.001042,0.028705,-0.115670
-0.099504,5.307677,0.760766,-0.006931,0.019196,0.044119,0.998818,-0.193393,0.426696,-0.053435,0.143804,0.158033,-0.261800,0.313739,-0.165385,-0.697963,0.118712,-0.195488,0.261800,-0.073408,0.083309,0.155911,0.112965,0.211960,-0.173383,1.073270,0.004674,0.017019,0.336354,0.208425,-0.329616,-0.119707,1.295569,-0.007648,0.026753,-0.111594
-0.090921,5.338534,0.760909,-0.008250,0.026738,0.033257,0.999055,-0.155065,0.399359,-0.020010,0.117360,0.067296,-0.261800,0.300464,-0.210034,-0.666560,0.115033,-0.141852,0.261800,-0.069844,0.095261,0.135859,0.111467,0.196567,-0.191359,1.085063,0.000861,0.016256,0.331175,0.199595,-0.334167,-0.121341,1.277071,-0.023167,0.023300,-0.113267
-0.082662,5.368417,0.762994,-0.004626,0.035123,0.023376,0.999099,-0.134432,0.357144,0.033878,0.116238,-0.019662,-0.261800,0.277269,-0.270752,-0.640416,0.127758,-0.081737,0.261800,-0.062219,0.095686,0.116267,0.099853,0.187667,-0.222931,1.104807,-0.000445,0.019018,0.323177,0.184463,-0.330690,-0.129612,1.245820,-0.040515,0.019537,-0.116227
-0.075631,5.397688,0.765421,0.000865,0.038855,0.017937,0.999083,-0.115484,0.307229,0.076797,0.116677,-0.080859,-0.261800,0.235901,-0.355996,-0.620140,0.213612,-0.051618,0.261800,-0.056369,0.091474,0.110699,0.080014,0.185153,-0.254412,1.117942,-0.002783,0.024906,0.314661,0.168746,-0.318803,-0.141272,1.196491,-0.068801,0.012538,-0.117315
-0.069198,5.426469,0.767675,0.012418,0.034055,0.013473,0.999252,-0.081734,0.243433,0.112086,0.116688,-0.120884,-0.261800,0.192304,-0.470341,-0.604934,0.350479,-0.047369,0.261800,-0.048515,0.074646,0.123612,0.056164,0.189432,-0.287746,1.120172,-0.006115,0.028170,0.318553,0.149213,-0.305127,-0.136196,1.147884,-0.102045,-0.000966,-0.119900
-0.063557,5.453260,0.769188,0.025912,0.023896,0.010956,0.999319,-0.041790,0.174283,0.131469,0.115774,-0.148719,-0.245308,0.155578,-0.591254,-0.607534,0.503245,-0.064858,0.234210,-0.047373,0.053424,0.146880,0.037890,0.198531,-0.299324,1.105346,0.003341,0.027945,0.326174,0.114306,-0.292743,-0.109849,1.120115,-0.128425,-0.013409,-0.130561
-0.059736,5.474726,0.771108,0.029259,0.021335,0.009140,0.999302,-0.026585,0.134343,0.140676,0.116404,-0.166233,-0.220012,0.115658,-0.643656,-0.610939,0.601421,-0.122635,0.134010,-0.041707,0.046258,0.156912,0.024427,0.212969,-0.282613,1.072484,0.016459,0.030167,0.331103,0.072961,-0.273104,-0.079262,1.103692,-0.172343,-0.009495,-0.138851
-0.056301,5.492659,0.772848,0.029794,0.015011,0.011913,0.999372,-0.007403,0.103259,0.140622,0.117542,-0.181359,-0.191535,0.086503,-0.633026,-0.557748,0.656271,-0.190730,0.115268,-0.043476,0.039669,0.174481,0.014300,0.234509,-0.261891,1.034677,0.011548,0.024771,0.338109,0.034928,-0.249655,-0.049877,1.087750,-0.220439,-0.002762,-0.130224
-0.053211,5.507160,0.774862,0.026958,0.006449,0.013217,0.999528,0.016626,0.085816,0.139083,0.118812,-0.192397,-0.165036,0.058620,-0.578116,-0.483374,0.686775,-0.231214,0.138535,-0.043737,0.035666,0.196167,0.006690,0.258624,-0.237261,1.001321,0.004798,0.020262,0.345984,-0.002213,-0.226763,-0.017485,1.078865,-0.249789,-0.006771,-0.127971
-0.050948,5.518821,0.776616,0.023504,0.003106,0.011914,0.999648,0.028564,0.075230,0.139820,0.119658,-0.199777,-0.147239,0.006344,-0.487930,-0.374000,0.704102,-0.261708,0.169163,-0.037443,0.031072,0.207646,-0.000824,0.280562,-0.210154,0.975454,0.004287,0.018842,0.352661,-0.036816,-0.205284,0.009061,1.069731,-0.262558,-0.005025,-0.131536
-0.048879,5.527839,0.777975,0.019422,0.000851,0.010067,0.999760,0.037925,0.070706,0.141423,0.120480,-0.206869,-0.133898,-0.039084,-0.377549,-0.272416,0.698110,-0.291128,0.188728,-0.031122,0.025975,0.216415,-0.006135,0.300844,-0.185792,0.955878,-0.000941,0.018599,0.357597,-0.067329,-0.185366,0.033431,1.060852,-0.276073,-0.002881,-0.140616
-0.046676,5.534561,0.778911,0.016246,-0.001124,0.009344,0.999824,0.046243,0.067427,0.142103,0.121087,-0.212882,-0.123023,-0.062526,-0.270610,-0.205771,0.650544,-0.307704,0.206055,-0.029010,0.017488,0.223350,-0.007469,0.319480,-0.166118,0.943266,-0.007082,0.017317,0.357626,-0.092933,-0.167023,0.054573,1.054273,-0.281618,-0.007956,-0.143461
-0.044661,5.539173,0.779509,0.014508,-0.000132,0.012787,0.999813,0.045440,0.063162,0.136415,0.121296,-0.216154,-0.115742,-0.066792,-0.175929,-0.172968,0.550000,-0.302270,0.222839,-0.031994,0.005151,0.223844,-0.010672,0.336373,-0.159329,0.942739,-0.014107,0.016986,0.359266,-0.111692,-0.148725,0.068947,1.047192,-0.289860,-0.007172,-0.146392
-0.042379,5.542741,0.779469,0.015302,0.002762,0.019659,0.999686,0.039191,0.053542,0.124947,0.121250,-0.217732,-0.110613,-0.060422,-0.120514,-0.215789,0.439584,-0.306293,0.148295,-0.038954,-0.010632,0.218708,-0.013984,0.349311,-0.165613,0.951582,-0.018081,0.018564,0.356082,-0.121294,-0.132721,0.077249,1.039533,-0.293165,-0.006274,-0.148427
-0.039229,5.545930,0.779494,0.014882,0.003091,0.027442,0.999508,0.039734,0.047328,0.110304,0.121585,-0.220324,-0.105946,-0.015016,-0.138087,-0.440601,0.362322,-0.317617,0.045780,-0.041307,-0.018040,0.215537,-0.020004,0.353974,-0.186231,0.970587,-0.023774,0.020284,0.349745,-0.117656,-0.124402,0.083130,1.032182,-0.292378,-0.012435,-0.151913
-0.035557,5.548784,0.779632,0.013135,-0.000506,0.030639,0.999444,0.052152,0.046322,0.102900,0.122138,-0.226309,-0.102563,0.033991,-0.133301,-0.519608,0.308527,-0.307478,0.025606,-0.033030,-0.017674,0.217872,-0.021898,0.347214,-0.208052,0.989056,-0.022645,0.025834,0.342492,-0.110093,-0.124422,0.099018,1.032601,-0.284270,-0.013755,-0.153666
-0.032440,5.551629,0.780795,0.008449,-0.001533,0.028099,0.999568,0.060149,0.052948,0.106230,0.122718,-0.231088,-0.096734,0.066074,-0.112451,-0.508675,0.240312,-0.262365,0.053261,-0.021120,-0.009305,0.215804,-0.008591,0.324954,-0.205696,0.995279,-0.015376,0.029185,0.340505,-0.111483,-0.132435,0.130039,1.056161,-0.272661,-0.018205,-0.150632
-0.029458,5.554178,0.781931,0.004744,0.001699,0.024275,0.999693,0.058836,0.057749,0.112948,0.123146,-0.233580,-0.086211,0.086223,-0.094849,-0.492261,0.177286,-0.218544,0.081432,-0.012340,-0.001447,0.204172,0.016267,0.292902,-0.195531,0.996166,-0.016481,0.027759,0.334980,-0.114466,-0.141529,0.154277,1.090913,-0.268999,-0.013133,-0.140450
-0.026444,5.555782,0.782813,0.002854,0.005472,0.020348,0.999774,0.056251,0.059992,0.119255,0.123252,-0.233533,-0.080363,0.102553,-0.080209,-0.491103,0.123688,-0.192167,0.084448,-0.004989,0.000697,0.190991,0.039648,0.264895,-0.204189,1.005981,-0.015657,0.023876,0.323882,-0.112130,-0.147436,0.163879,1.121883,-0.264014,-0.004539,-0.134388
-0.023288,5.556711,0.782566,0.003908,0.006246,0.020875,0.999755,0.058977,0.055306,0.116853,0.123369,-0.235876,-0.075946,0.110100,-0.082753,-0.499315,0.116263,-0.196563,0.087328,-0.006693,-0.004922,0.184120,0.055993,0.248502,-0.237780,1.027977,-0.008378,0.019979,0.314847,-0.103044,-0.149305,0.161872,1.141903,-0.251845,-0.000357,-0.139523
-0.019742,5.557225,0.781519,0.004423,0.003933,0.022901,0.999720,0.068987,0.052755,0.111961,0.123795,-0.244643,-0.074213,0.122664,-0.084856,-0.501665,0.116114,-0.204610,0.094180,-0.010542,-0.010703,0.182462,0.065159,0.240515,-0.283525,1.062176,-0.000685,0.018917,0.311835,-0.085796,-0.148380,0.150645,1.146330,-0.237474,-0.000710,-0.143445
-0.016647,5.557802,0.780796,0.003910,0.003865,0.021445,0.999755,0.074776,0.053616,0.114880,0.124188,-0.253363,-0.073574,0.126472,-0.083845,-0.494161,0.116653,-0.208271,0.097757,-0.010890,-0.014207,0.177792,0.072291,0.232333,-0.315197,1.100266,-0.004707,0.021460,0.311506,-0.069061,-0.147593,0.141744,1.146576,-0.229926,-0.003937,-0.141897
-0.014560,5.558785,0.780888,0.003452,0.007467,0.019809,0.999770,0.070431,0.053350,0.117881,0.124263,-0.255017,-0.072228,0.120017,-0.083767,-0.491986,0.117034,-0.207526,0.095328,-0.012494,-0.016780,0.168419,0.077632,0.219820,-0.320871,1.135593,-0.023636,0.025433,0.306166,-0.056491,-0.147577,0.137851,1.152023,-0.219472,-0.008537,-0.141490
-0.012711,5.560358,0.781121,0.003536,0.009012,0.019929,0.999755,0.069601,0.050379,0.116891,0.124331,-0.254737,-0.068306,0.119130,-0.086392,-0.494184,0.117117,-0.206797,0.093772,-0.018934,-0.018263,0.163168,0.083586,0.205954,-0.313993,1.160583,-0.045633,0.032155,0.296364,-0.045143,-0.147175,0.131833,1.159144,-0.220340,-0.003785,-0.141327
-0.011057,5.561888,0.780975,0.003269,0.007063,0.020224,0.999765,0.076649,0.048724,0.116613,0.124496,-0.257906,-0.066884,0.126440,-0.088294,-0.496063,0.116778,-0.206398,0.096632,-0.024205,-0.017904,0.165689,0.087071,0.196106,-0.315317,1.173218,-0.061598,0.033363,0.291632,-0.032342,-0.147215,0.124465,1.162177,-0.229527,0.002861,-0.140431
-0.009364,5.563198,0.780655,0.002590,0.004377,0.020489,0.999777,0.085422,0.048497,0.116592,0.124785,-0.262779,-0.065403,0.135658,-0.088728,-0.497883,0.116514,-0.207667,0.098858,-0.027830,-0.015661,0.169452,0.088494,0.191726,-0.326719,1.172297,-0.061221,0.032845,0.294776,-0.017910,-0.148862,0.122495,1.162146,-0.211644,-0.004826,-0.133869
-0.007435,5.564262,0.780343,0.002646,0.003261,0.020716,0.999777,0.091012,0.046801,0.116598,0.124950,-0.266427,-0.064164,0.141433,-0.090321,-0.498792,0.116457,-0.209486,0.101614,-0.028621,-0.014786,0.168681,0.090322,0.189615,-0.327194,1.158210,-0.046796,0.033270,0.296843,-0.003099,-0.149764,0.120116,1.163013,-0.207252,-0.006367,-0.134093
-0.005112,5.565324,0.780104,0.003129,0.003409,0.021599,0.999756,0.093914,0.044007,0.115330,0.125042,-0.268588,-0.062336,0.145027,-0.092797,-0.500128,0.116642,-0.211960,0.103106,-0.029221,-0.014073,0.163786,0.092304,0.187804,-0.316004,1.135757,-0.038849,0.033001,0.297409,0.012466,-0.149091,0.113307,1.164208,-0.207716,-0.004364,-0.135101
-0.003206,5.566515,0.779928,0.003114,0.003998,0.022118,0.999743,0.095306,0.042154,0.115008,0.125132,-0.270985,-0.061057,0.146646,-0.094311,-0.499972,0.116825,-0.212795,0.104991,-0.030336,-0.011413,0.159536,0.091858,0.185769,-0.300978,1.112271,-0.026112,0.031320,0.301755,0.023891,-0.147564,0.105886,1.167324,-0.206640,-0.002311,-0.136513
-0.001472,5.567811,0.779787,0.002932,0.003955,0.020895,0.999770,0.098621,0.040781,0.117181,0.125281,-0.273676,-0.058753,0.148651,-0.095630,-0.496993,0.116988,-0.213144,0.107714,-0.030508,-0.008383,0.157290,0.089958,0.183343,-0.284828,1.089385,-0.020142,0.030300,0.309815,0.030438,-0.146952,0.102906,1.170610,-0.208004,0.000719,-0.132132
0.000017,5.568840,0.779589,0.002653,0.002901,0.019238,0.999807,0.104136,0.040321,0.120081,0.125401,-0.276534,-0.058298,0.152521,-0.096342,-0.494420,0.117045,-0.213932,0.108566,-0.030951,-0.005413,0.157701,0.084227,0.182553,-0.277390,1.073623,-0.018305,0.029201,0.316384,0.034183,-0.146818,0.103735,1.172395,-0.206545,-0.001501,-0.130890
0.001295,5.569745,0.779417,0.002447,0.001761,0.017463,0.999843,0.109560,0.040009,0.123924,0.125488,-0.279322,-0.058051,0.156333,-0.097112,-0.492424,0.116942,-0.214419,0.110443,-0.033552,-0.002547,0.158929,0.076831,0.182587,-0.275748,1.063025,-0.014097,0.028630,0.318609,0.035412,-0.146236,0.101878,1.169876,-0.203051,-0.001085,-0.131901
0.001884,5.570206,0.779326,0.002241,0.001173,0.018680,0.999822,0.111362,0.039593,0.121773,0.125551,-0.280249,-0.057595,0.159379,-0.097376,-0.496129,0.116739,-0.214460,0.110400,-0.041605,-0.001212,0.160601,0.066472,0.184812,-0.278788,1.056525,-0.009792,0.028410,0.319881,0.035036,-0.143110,0.095314,1.160777,-0.204253,0.001173,-0.134584
0.003193,5.570817,0.779222,0.002209,0.000469,0.018383,0.999828,0.115126,0.038668,0.121924,0.125671,-0.281628,-0.055905,0.162808,-0.098104,-0.495711,0.116844,-0.214915,0.110610,-0.046600,0.000066,0.159589,0.059849,0.186891,-0.284199,1.050706,-0.008275,0.029677,0.320706,0.037945,-0.140814,0.090749,1.148436,-0.209785,-0.000600,-0.134942
0.003968,5.571308,0.779124,0.002511,-0.000989,0.020223,0.999792,0.118892,0.036829,0.117839,0.125776,-0.281738,-0.053727,0.168311,-0.099589,-0.499068,0.116800,-0.215662,0.111617,-0.053651,0.000214,0.161458,0.051773,0.188276,-0.287824,1.047411,-0.000890,0.030191,0.319996,0.039965,-0.138391,0.086258,1.135730,-0.213324,-0.003036,-0.135741
0.004968,5.571474,0.778886,0.002615,-0.001986,0.020211,0.999790,0.122759,0.036526,0.118467,0.125828,-0.283933,-0.054569,0.172250,-0.099807,-0.498835,0.116801,-0.217758,0.112836,-0.055962,0.000504,0.161427,0.045659,0.188877,-0.289110,1.045225,0.000771,0.030644,0.319394,0.042131,-0.136530,0.083928,1.123792,-0.210057,-0.004429,-0.135655
0.005691,5.571469,0.778684,0.002931,-0.002372,0.019854,0.999796,0.124959,0.035787,0.118923,0.125894,-0.285303,-0.053809,0.174161,-0.100525,-0.498246,0.116849,-0.219747,0.113600,-0.056400,-0.000042,0.161197,0.040789,0.188827,-0.288161,1.043637,0.000525,0.029396,0.320066,0.042467,-0.135121,0.082778,1.115719,-0.211839,-0.005338,-0.138034
0.006278,5.571497,0.778492,0.003063,-0.002714,0.019580,0.999800,0.126795,0.035426,0.119231,0.125901,-0.286780,-0.054506,0.175741,-0.100730,-0.497698,0.116849,-0.221195,0.113563,-0.055954,-0.000339,0.161380,0.036128,0.187410,-0.285538,1.044146,-0.001970,0.030572,0.321948,0.041001,-0.134427,0.081888,1.113624,-0.210879,-0.006215,-0.136950
0.006703,5.571384,0.778388,0.002966,-0.002925,0.019112,0.999809,0.128121,0.035910,0.119923,0.125943,-0.287740,-0.055087,0.176730,-0.100388,-0.497576,0.116918,-0.221890,0.112255,-0.054589,0.000254,0.161484,0.031908,0.185263,-0.285657,1.048348,-0.003835,0.029208,0.321779,0.037745,-0.134888,0.082697,1.117124,-0.211504,-0.007544,-0.137057
0.007059,5.571092,0.778297,0.003142,-0.003236,0.019380,0.999802,0.129286,0.035843,0.119270,0.125959,-0.288241,-0.055057,0.178180,-0.100261,-0.497822,0.116820,-0.222987,0.113782,-0.053897,-0.000038,0.161703,0.028460,0.183098,-0.288132,1.055652,-0.003040,0.029733,0.321124,0.034215,-0.136008,0.084641,1.122260,-0.211062,-0.006179,-0.137093
0.007342,5.570645,0.778221,0.003234,-0.003683,0.020308,0.999782,0.130351,0.036223,0.117428,0.126009,-0.288586,-0.055657,0.180169,-0.099720,-0.499808,0.116815,-0.223752,0.111774,-0.054454,-0.000172,0.161682,0.026662,0.182376,-0.296426,1.063122,-0.007394,0.030208,0.319522,0.031682,-0.136953,0.084904,1.125722,-0.211697,-0.005794,-0.138046
0.007605,5.570331,0.778102,0.003696,-0.004719,0.021446,0.999752,0.132829,0.035576,0.115695,0.126053,-0.288744,-0.054434,0.183649,-0.100241,-0.501615,0.116688,-0.225111,0.113244,-0.054348,-0.001135,0.162922,0.026331,0.181831,-0.303031,1.070468,-0.012477,0.030590,0.316623,0.030621,-0.137977,0.083884,1.126290,-0.209551,-0.004412,-0.137984
0.007800,5.569796,0.777998,0.003778,-0.005180,0.022486,0.999727,0.133720,0.036167,0.113833,0.126043,-0.289387,-0.056708,0.185612,-0.099519,-0.503607,0.116551,-0.226324,0.112927,-0.055113,-0.001423,0.162996,0.028313,0.180950,-0.306233,1.077026,-0.013857,0.033266,0.315065,0.029985,-0.138818,0.083376,1.125848,-0.209116,-0.005977,-0.138931
0.007895,5.569293,0.777956,0.003960,-0.005351,0.023387,0.999704,0.133870,0.036400,0.112039,0.126042,-0.289082,-0.056908,0.186768,-0.099199,-0.505521,0.116393,-0.227044,0.112951,-0.055181,-0.001940,0.162536,0.031176,0.179971,-0.308117,1.084187,-0.015147,0.032877,0.312933,0.029743,-0.139552,0.082143,1.124384,-0.209613,-0.005800,-0.138730
0.008016,5.568715,0.777913,0.003978,-0.005184,0.023281,0.999708,0.133642,0.037210,0.111928,0.126070,-0.289080,-0.057346,0.186480,-0.098363,-0.505637,0.116475,-0.227720,0.110786,-0.053736,-0.001898,0.161056,0.034901,0.179115,-0.310605,1.091047,-0.015534,0.034353,0.311222,0.029196,-0.140068,0.081567,1.124621,-0.209997,-0.005391,-0.139310
0.008044,5.568143,0.777854,0.004218,-0.005381,0.023876,0.999692,0.133869,0.037512,0.111050,0.126039,-0.289056,-0.058766,0.187359,-0.097991,-0.506669,0.116348,-0.228799,0.111586,-0.053212,-0.002407,0.160640,0.038158,0.178778,-0.314497,1.098817,-0.018247,0.035152,0.310296,0.028013,-0.140351,0.082528,1.126458,-0.209171,-0.005404,-0.138559
0.008225,5.567524,0.777790,0.004325,-0.005579,0.023364,0.999702,0.134814,0.038324,0.111729,0.126049,-0.289068,-0.059224,0.187808,-0.097205,-0.505560,0.116460,-0.229750,0.110466,-0.051354,-0.002580,0.159745,0.042833,0.178786,-0.317149,1.105546,-0.020610,0.035463,0.308073,0.027259,-0.140421,0.083601,1.127967,-0.208556,-0.004529,-0.137303
0.008193,5.566936,0.777719,0.004428,-0.005767,0.023774,0.999691,0.134957,0.039025,0.111164,0.126028,-0.289185,-0.060392,0.188409,-0.096457,-0.506151,0.116395,-0.230560,0.109927,-0.051202,-0.002929,0.159619,0.046616,0.178797,-0.318385,1.111534,-0.021897,0.036418,0.306676,0.026272,-0.140278,0.084077,1.128821,-0.205886,-0.004052,-0.137034
0.008134,5.566412,0.777686,0.004605,-0.006038,0.024440,0.999672,0.135189,0.039275,0.109707,0.126075,-0.288915,-0.060116,0.189383,-0.096083,-0.507712,0.116326,-0.231215,0.109189,-0.051951,-0.003216,0.159616,0.050197,0.178846,-0.318376,1.116797,-0.024123,0.036217,0.303706,0.025936,-0.139798,0.083627,1.128509,-0.206925,-0.004696,-0.136126
