0.024021,-0.009902,0.781957,0.017046,-0.005372,0.999839,0.001869,0.110459,0.134140,0.163885,0.119812,-0.162657,-0.178322,0.139316,-0.141883,-0.243597,0.124505,-0.249537,0.136861,-0.028053,0.005485,0.168194,-0.009323,0.140413,-0.266095,1.140458,0.226636,-0.015301,0.150415,0.000525,-0.166016,0.316802,1.155136,0.020478,0.068823,-0.294680
0.025053,-0.012392,0.782188,0.014634,-0.004458,0.999877,0.003475,0.104192,0.127938,0.166708,0.119790,-0.162022,-0.171614,0.131052,-0.148034,-0.241257,0.124463,-0.245272,0.140373,-0.028926,0.007387,0.168614,-0.014180,0.139760,-0.265866,1.140087,0.226546,-0.014347,0.150787,-0.004668,-0.170592,0.315895,1.155211,0.021321,0.068782,-0.295665
0.026626,-0.015540,0.782323,0.010508,-0.003036,0.999920,0.006316,0.094114,0.120452,0.173433,0.119407,-0.160572,-0.168555,0.111492,-0.157661,-0.235118,0.136312,-0.243923,0.146633,-0.027954,0.009895,0.168055,-0.020037,0.138390,-0.268207,1.138425,0.225690,-0.016327,0.153637,-0.010429,-0.176430,0.311389,1.152751,0.018406,0.069634,-0.295709
0.029123,-0.018491,0.782302,0.003229,-0.000870,0.999919,0.012290,0.077112,0.113131,0.186833,0.118759,-0.157693,-0.167541,0.057558,-0.173048,-0.217812,0.198330,-0.264015,0.152633,-0.021911,0.011804,0.165260,-0.027002,0.136188,-0.264323,1.132580,0.228803,-0.015984,0.152605,-0.019384,-0.183595,0.310415,1.149777,0.017987,0.070707,-0.297520
0.032814,-0.020823,0.781528,-0.005299,0.004431,0.999689,0.023963,0.058344,0.100987,0.210730,0.117938,-0.154980,-0.165515,-0.027275,-0.195726,-0.180820,0.305049,-0.295763,0.164244,-0.009507,0.005959,0.164045,-0.032389,0.135388,-0.254145,1.123115,0.230912,-0.017450,0.153501,-0.036143,-0.187567,0.309579,1.151347,0.022206,0.070870,-0.295596
0.036368,-0.022309,0.780132,-0.006149,0.010757,0.999110,0.040326,0.059601,0.088749,0.243030,0.117665,-0.156198,-0.164648,-0.106452,-0.216097,-0.133483,0.426969,-0.312496,0.197398,0.005910,-0.003613,0.179234,-0.033666,0.139048,-0.241758,1.110577,0.229270,-0.019152,0.150120,-0.058615,-0.188484,0.313040,1.158088,0.022568,0.074300,-0.294480
0.038914,-0.022369,0.778823,-0.000373,0.015333,0.998371,0.054947,0.076196,0.081322,0.271804,0.118456,-0.159463,-0.164326,-0.155087,-0.227651,-0.089026,0.518751,-0.316667,0.248087,0.013172,-0.011504,0.203794,-0.031213,0.150546,-0.243146,1.104257,0.223357,-0.022299,0.153594,-0.079892,-0.185588,0.320188,1.167390,0.024319,0.068242,-0.292861
0.040732,-0.020515,0.778309,0.004084,0.016167,0.997906,0.062498,0.087290,0.083815,0.286148,0.119857,-0.160074,-0.166614,-0.179783,-0.264886,-0.116181,0.580284,-0.325741,0.245586,0.008532,-0.013700,0.222570,-0.030241,0.168094,-0.250837,1.109773,0.220678,-0.022377,0.156877,-0.095618,-0.177621,0.324964,1.169268,0.026433,0.069188,-0.289317
0.041724,-0.016659,0.778138,0.005761,0.015248,0.997854,0.063420,0.090029,0.092416,0.287101,0.121838,-0.158240,-0.171539,-0.187378,-0.345113,-0.209847,0.623361,-0.361006,0.184837,0.000121,-0.012861,0.233537,-0.032951,0.187015,-0.255913,1.123735,0.215889,-0.020499,0.157151,-0.098116,-0.167756,0.324631,1.156553,0.019119,0.062844,-0.288733
0.041898,-0.011068,0.777632,0.006803,0.014651,0.997887,0.062934,0.092209,0.102708,0.285645,0.123525,-0.156837,-0.179229,-0.195894,-0.413689,-0.250847,0.652103,-0.369804,0.123176,-0.004112,-0.011638,0.240210,-0.036103,0.202224,-0.249940,1.141447,0.211605,-0.016859,0.158363,-0.093297,-0.159839,0.330094,1.136645,0.005711,0.066061,-0.294458
0.041241,-0.003891,0.776503,0.007464,0.015531,0.997665,0.066087,0.097219,0.112628,0.290964,0.124856,-0.157482,-0.189393,-0.220413,-0.450959,-0.211278,0.664492,-0.338453,0.081209,-0.001544,-0.011260,0.243399,-0.034012,0.211084,-0.230796,1.153835,0.207425,-0.011091,0.161639,-0.087231,-0.155299,0.338309,1.123926,-0.014102,0.063032,-0.295402
0.039937,0.005351,0.774835,0.008814,0.016892,0.997088,0.073840,0.107559,0.125780,0.304135,0.127694,-0.160546,-0.204977,-0.245436,-0.467407,-0.136856,0.645984,-0.293717,0.045682,0.004653,-0.010995,0.246896,-0.026860,0.215716,-0.209761,1.161352,0.195196,-0.006900,0.167495,-0.086243,-0.151557,0.346446,1.121672,-0.021621,0.064628,-0.297432
0.038584,0.017021,0.772691,0.008796,0.018686,0.996404,0.082179,0.111042,0.143622,0.315820,0.141263,-0.166384,-0.226317,-0.259481,-0.491088,-0.096426,0.595516,-0.263907,0.021644,0.008570,-0.011801,0.247656,-0.019394,0.219598,-0.198529,1.168712,0.176007,-0.006497,0.172208,-0.090032,-0.145736,0.351102,1.130420,-0.016113,0.065066,-0.295807
0.037582,0.031444,0.769889,0.007074,0.020308,0.995755,0.089491,0.104339,0.168482,0.322457,0.168175,-0.175559,-0.254835,-0.263868,-0.518066,-0.090654,0.521729,-0.251277,0.029164,0.011487,-0.012506,0.245859,-0.015943,0.222617,-0.194540,1.176577,0.166165,-0.006021,0.174024,-0.094171,-0.137961,0.349115,1.139832,-0.004996,0.066154,-0.300333
0.037077,0.048369,0.766395,0.004506,0.023020,0.995232,0.094674,0.095083,0.191661,0.323055,0.191719,-0.179932,-0.261800,-0.273349,-0.536516,-0.079899,0.460906,-0.245979,0.044127,0.013239,-0.015246,0.243443,-0.015869,0.223217,-0.190302,1.179850,0.167823,-0.003376,0.172884,-0.097491,-0.132684,0.349778,1.145957,0.003967,0.064508,-0.299609
0.037272,0.068262,0.762113,0.003375,0.026627,0.994642,0.099834,0.092619,0.214795,0.322118,0.206184,-0.176107,-0.261800,-0.286681,-0.541424,-0.049487,0.423208,-0.248597,0.064861,0.016345,-0.020597,0.244393,-0.015262,0.220162,-0.175584,1.173904,0.168126,-0.002855,0.173402,-0.102078,-0.129138,0.358012,1.150244,-0.007629,0.067408,-0.301658
0.038090,0.091565,0.757731,0.003438,0.031477,0.994103,0.103719,0.095919,0.237643,0.317078,0.209370,-0.155903,-0.261800,-0.305925,-0.538134,-0.013213,0.425027,-0.263707,0.069568,0.018334,-0.029108,0.248063,-0.014199,0.213798,-0.147321,1.158618,0.168995,-0.005846,0.170179,-0.108768,-0.126700,0.374089,1.153041,-0.016972,0.071597,-0.312177
0.039873,0.119437,0.753965,0.001299,0.036821,0.993949,0.103484,0.093061,0.264634,0.304503,0.203514,-0.112152,-0.261800,-0.328796,-0.535279,-0.024301,0.470344,-0.289896,0.056006,0.017230,-0.041813,0.248142,-0.014957,0.208742,-0.107137,1.135823,0.170882,-0.008858,0.167430,-0.112205,-0.121919,0.388026,1.149114,-0.020902,0.073239,-0.315819
0.043046,0.151921,0.751929,-0.007710,0.040416,0.994491,0.096409,0.076801,0.299714,0.283516,0.172314,-0.030680,-0.261800,-0.360452,-0.526573,-0.071133,0.540938,-0.288219,0.076649,0.011201,-0.054138,0.238731,-0.021939,0.208370,-0.060411,1.106294,0.181199,-0.010991,0.161535,-0.115142,-0.113837,0.407669,1.143340,-0.040315,0.073650,-0.316639
0.047124,0.188230,0.750719,-0.017725,0.040888,0.995748,0.080625,0.058617,0.343975,0.254863,0.113996,0.087528,-0.261800,-0.398216,-0.509629,-0.120017,0.633239,-0.307016,0.107331,-0.001247,-0.064014,0.227452,-0.038983,0.213993,-0.023231,1.085720,0.189715,-0.013153,0.163135,-0.119670,-0.106404,0.443873,1.143216,-0.067679,0.068224,-0.326832
0.051223,0.226417,0.750433,-0.024356,0.038385,0.997059,0.061697,0.021878,0.405623,0.263333,0.102355,0.195723,-0.261800,-0.405267,-0.489897,-0.192747,0.697043,-0.329025,0.149811,-0.016744,-0.072368,0.220253,-0.054270,0.219887,0.010721,1.066041,0.191815,-0.010870,0.156244,-0.127042,-0.106604,0.473855,1.142417,-0.057306,0.037720,-0.361303
0.054136,0.265134,0.751091,-0.028079,0.032712,0.998159,0.042667,-0.068314,0.501534,0.344769,0.244883,0.198832,-0.261800,-0.387704,-0.459062,-0.277057,0.738113,-0.375956,0.147047,-0.027071,-0.073962,0.220228,-0.073929,0.229069,0.022875,1.046748,0.183258,-0.012687,0.131931,-0.124583,-0.115849,0.459674,1.107934,-0.049403,0.042038,-0.335988
0.056696,0.299356,0.751991,-0.025453,0.017668,0.999019,0.031648,-0.084745,0.600751,0.462530,0.374052,0.075477,-0.256416,-0.348541,-0.396269,-0.355932,0.747162,-0.413841,0.116148,-0.026664,-0.049818,0.233790,-0.095852,0.229538,0.019707,1.036433,0.177297,-0.019032,0.125582,-0.125556,-0.140888,0.447983,1.081338,-0.038547,0.029220,-0.292953
0.059147,0.329529,0.754973,-0.018905,0.016757,0.999348,0.025777,-0.034950,0.631788,0.613971,0.493986,-0.079281,-0.149167,-0.316257,-0.355979,-0.396100,0.744679,-0.440455,0.080973,-0.024194,-0.048591,0.252859,-0.111862,0.219754,0.017007,1.033602,0.182842,-0.019768,0.133166,-0.128764,-0.173708,0.439661,1.074797,-0.024100,0.016167,-0.291060
0.060700,0.356936,0.758273,-0.010688,0.019813,0.999475,0.023285,0.030139,0.614524,0.699758,0.621984,-0.193142,-0.106693,-0.282123,-0.321441,-0.421101,0.730988,-0.459744,0.050141,-0.020792,-0.053029,0.270301,-0.120764,0.204598,0.010846,1.034777,0.191299,-0.015914,0.131512,-0.126459,-0.206852,0.420243,1.073483,-0.020128,0.014384,-0.310771
0.061753,0.381961,0.760729,-0.007424,0.021960,0.999569,0.018017,0.051258,0.549943,0.678457,0.751465,-0.262954,-0.123242,-0.256502,-0.288224,-0.447202,0.711597,-0.472878,0.025117,-0.025551,-0.052358,0.275872,-0.127401,0.191324,-0.011993,1.037942,0.193866,-0.018087,0.119392,-0.113578,-0.238247,0.379670,1.058158,-0.016094,0.015896,-0.328654
0.062447,0.405475,0.762347,-0.007695,0.023520,0.999654,0.008901,0.052173,0.439145,0.617624,0.846313,-0.287313,-0.183330,-0.237703,-0.258705,-0.478339,0.692484,-0.483552,-0.000593,-0.036336,-0.048314,0.274116,-0.136148,0.179983,-0.039304,1.045886,0.206559,-0.020326,0.108867,-0.086872,-0.264088,0.318171,1.026631,-0.006670,0.013707,-0.335959
0.062760,0.428214,0.763350,0.009181,-0.025205,-0.999627,0.005052,0.051407,0.283866,0.540835,0.879128,-0.272777,-0.261800,-0.220607,-0.233041,-0.516683,0.673606,-0.493455,-0.032710,-0.053754,-0.044813,0.266898,-0.144436,0.168231,-0.057708,1.059421,0.218385,-0.017070,0.109590,-0.053292,-0.281754,0.262047,0.998602,0.020551,0.005957,-0.334568
0.063513,0.449010,0.763659,0.016225,-0.036857,-0.998734,0.030136,0.048677,0.056404,0.453218,0.817483,-0.203456,-0.261800,-0.226497,-0.245547,-0.551468,0.680032,-0.507684,-0.048199,-0.090290,-0.060092,0.244615,-0.151406,0.156732,-0.069240,1.078042,0.214971,-0.014574,0.117341,-0.018816,-0.291273,0.221103,0.982097,0.049502,-0.000258,-0.331894
0.063976,0.469545,0.762357,0.020997,-0.041053,-0.997347,0.056326,0.077207,-0.157544,0.356163,0.694980,-0.117542,-0.261800,-0.225473,-0.242997,-0.595984,0.685821,-0.526478,-0.071633,-0.126301,-0.060634,0.224937,-0.158429,0.146822,-0.083430,1.097771,0.212662,-0.013901,0.120874,0.016945,-0.294120,0.190469,0.972644,0.062284,-0.004341,-0.331346
0.064464,0.491203,0.759698,0.025021,-0.034836,-0.995851,0.080262,0.137115,-0.294160,0.306333,0.535853,-0.064595,-0.261800,-0.221268,-0.211158,-0.646991,0.677931,-0.528122,-0.088138,-0.158180,-0.042616,0.205128,-0.162051,0.142836,-0.106138,1.112123,0.218259,-0.013623,0.121770,0.047260,-0.292181,0.183621,0.975195,0.065477,-0.003478,-0.327882
0.066003,0.515024,0.757251,0.029322,-0.017785,-0.994179,0.102142,0.179845,-0.336694,0.294231,0.408887,-0.041388,-0.261800,-0.219705,-0.142431,-0.695664,0.645266,-0.504851,-0.112461,-0.185404,-0.006427,0.189956,-0.165284,0.143243,-0.122333,1.116282,0.232419,-0.010955,0.124513,0.069382,-0.281674,0.184109,0.984611,0.061293,-0.002245,-0.318807
0.069573,0.540870,0.755225,0.030781,-0.000245,-0.991422,0.127024,0.205690,-0.338510,0.268856,0.296004,-0.009713,-0.261800,-0.228479,-0.073887,-0.730720,0.619655,-0.462614,-0.137834,-0.210847,0.024238,0.187374,-0.174863,0.150107,-0.130771,1.116575,0.241993,-0.012297,0.131047,0.090432,-0.255729,0.169289,0.990415,0.055027,0.003845,-0.307594
0.073965,0.569653,0.754603,0.023019,0.013995,-0.989771,0.140096,0.183276,-0.287783,0.277615,0.294051,-0.043641,-0.261800,-0.233345,-0.004696,-0.744124,0.602949,-0.397131,-0.164530,-0.206063,0.038708,0.206354,-0.189591,0.163564,-0.134642,1.115808,0.237391,-0.016117,0.137522,0.108199,-0.217169,0.153530,0.999250,0.064324,0.003060,-0.308845
0.080859,0.599776,0.752536,0.020639,0.019670,-0.988559,0.148116,0.128367,-0.216192,0.371790,0.414638,-0.206282,-0.035396,-0.278210,0.019672,-0.762626,0.650979,-0.331561,-0.196574,-0.191770,0.028591,0.212992,-0.203524,0.188360,-0.133457,1.116429,0.227691,-0.020058,0.136495,0.110223,-0.171889,0.164587,1.030353,0.078601,-0.006820,-0.317922
0.089368,0.628772,0.750771,0.016558,0.017904,-0.987646,0.154794,0.137372,-0.191989,0.426988,0.395180,-0.292691,0.105643,-0.331477,0.002317,-0.792093,0.739658,-0.249589,-0.224545,-0.184363,0.001934,0.223870,-0.208537,0.221834,-0.135237,1.115443,0.204448,-0.028536,0.138150,0.095112,-0.129273,0.192791,1.068647,0.100679,-0.009208,-0.318943
0.099176,0.656142,0.750623,0.009721,0.010923,-0.988253,0.152123,0.176947,-0.192416,0.448213,0.306738,-0.330615,0.109977,-0.391291,-0.045526,-0.810438,0.854665,-0.114222,-0.225269,-0.170971,-0.032806,0.243459,-0.203998,0.255943,-0.131442,1.117337,0.194567,-0.030674,0.145228,0.067990,-0.094651,0.224308,1.100404,0.131048,-0.015004,-0.313418
0.109171,0.681232,0.751855,0.007513,0.003721,-0.989772,0.142415,0.195711,-0.195255,0.452005,0.225143,-0.336851,0.098031,-0.492217,-0.092163,-0.767306,0.969454,0.080196,-0.192295,-0.156621,-0.063092,0.254102,-0.183599,0.284625,-0.119002,1.122024,0.196478,-0.027018,0.151034,0.035699,-0.071735,0.257094,1.119678,0.143983,-0.013941,-0.317789
0.118610,0.704194,0.753651,0.004314,-0.001462,-0.991115,0.132933,0.200466,-0.185497,0.471174,0.182573,-0.339600,0.086583,-0.593343,-0.070457,-0.636361,1.012439,0.246046,0.034171,-0.145829,-0.082560,0.266432,-0.155812,0.304151,-0.108389,1.132870,0.191798,-0.022599,0.150351,0.015011,-0.064599,0.285391,1.114036,0.124540,-0.031827,-0.327515
0.126318,0.726006,0.755499,-0.002216,-0.006467,-0.991804,0.127583,0.199539,-0.165825,0.494971,0.179182,-0.348912,0.077627,-0.624911,-0.034670,-0.531750,1.002051,0.146717,0.239518,-0.137865,-0.095967,0.282735,-0.125428,0.313853,-0.101991,1.151451,0.190445,-0.019876,0.144736,0.014408,-0.072632,0.307281,1.085346,0.062134,-0.046952,-0.341559
0.133770,0.747107,0.757602,-0.004843,-0.008596,-0.993170,0.116260,0.175399,-0.131585,0.528534,0.212264,-0.366372,0.064893,-0.600738,-0.089422,-0.561479,0.987706,0.041778,0.261800,-0.115767,-0.097306,0.293338,-0.096725,0.313468,-0.098021,1.172358,0.186098,-0.016396,0.138645,0.019429,-0.090676,0.315274,1.055735,-0.004307,-0.039483,-0.360013
0.140055,0.765720,0.760233,-0.008188,-0.010470,-0.993926,0.109248,0.167325,-0.106120,0.549628,0.216876,-0.366342,0.055839,-0.581219,-0.168409,-0.546889,0.994550,-0.039039,0.261083,-0.105386,-0.092826,0.304698,-0.061973,0.303183,-0.083022,1.184894,0.187098,-0.011892,0.130362,0.018075,-0.114112,0.313482,1.045525,-0.010826,-0.029602,-0.366414
0.144828,0.783801,0.762374,-0.008699,-0.011933,-0.995104,0.097722,0.161891,-0.082364,0.574145,0.209617,-0.361660,0.038865,-0.521348,-0.299896,-0.615924,0.995847,-0.128066,0.165625,-0.091661,-0.084781,0.306066,-0.019685,0.286385,-0.065097,1.188310,0.186560,-0.006358,0.129932,0.010129,-0.139247,0.306804,1.056705,0.016387,-0.018899,-0.356235
0.148189,0.801679,0.764294,-0.008682,-0.015399,-0.996360,0.083392,0.158080,-0.061983,0.601991,0.205390,-0.351165,0.019908,-0.450637,-0.432293,-0.687451,0.986917,-0.218395,0.075835,-0.073539,-0.078964,0.303345,0.024502,0.265581,-0.046585,1.186462,0.185452,-0.006658,0.131288,-0.002522,-0.163368,0.305120,1.086566,0.034798,-0.011259,-0.346202
0.150006,0.819853,0.765841,-0.008544,-0.019811,-0.997566,0.066300,0.154189,-0.038701,0.632905,0.212112,-0.340192,-0.008379,-0.408852,-0.524943,-0.679961,0.962691,-0.263245,0.030995,-0.050482,-0.074096,0.297422,0.068083,0.242791,-0.028812,1.182566,0.184141,-0.008055,0.128332,-0.016936,-0.185247,0.312254,1.123223,0.042167,0.008504,-0.334670
0.150125,0.838710,0.766962,-0.009731,-0.022560,-0.998435,0.050231,0.150705,-0.004694,0.659155,0.236089,-0.337113,-0.040220,-0.397674,-0.569523,-0.577221,0.919025,-0.251046,0.030768,-0.029166,-0.064761,0.291690,0.109499,0.219339,-0.012437,1.177481,0.183063,-0.010498,0.126766,-0.025712,-0.204530,0.320840,1.150611,0.054400,0.026022,-0.315089
0.149089,0.858651,0.767372,-0.010713,-0.024669,-0.999008,0.035480,0.143314,0.036791,0.679892,0.275739,-0.340311,-0.066649,-0.394461,-0.598990,-0.450363,0.872069,-0.209342,0.016862,-0.010961,-0.054708,0.285032,0.145892,0.196374,0.007898,1.170928,0.182246,-0.010457,0.130370,-0.031535,-0.220879,0.332093,1.164297,0.060059,0.037353,-0.302767
0.147148,0.880263,0.766764,-0.011345,-0.027479,-0.999257,0.024542,0.135783,0.079317,0.691482,0.316966,-0.343727,-0.094900,-0.378556,-0.633861,-0.355108,0.813330,-0.156988,-0.008070,-0.000830,-0.049155,0.277330,0.176889,0.177104,0.032090,1.164998,0.174521,-0.013742,0.134683,-0.032646,-0.232221,0.340344,1.163577,0.052479,0.039161,-0.296093
0.144232,0.904241,0.764819,-0.010741,-0.033145,-0.999267,0.015887,0.128983,0.116871,0.697189,0.352096,-0.342208,-0.124614,-0.350657,-0.674070,-0.289571,0.731823,-0.116070,-0.004928,0.006224,-0.053241,0.267130,0.198836,0.166273,0.046074,1.163444,0.162742,-0.012697,0.137874,-0.029094,-0.236397,0.341322,1.148725,0.037269,0.037906,-0.295590
0.140643,0.931267,0.761535,-0.007392,-0.039925,-0.999156,0.006146,0.119178,0.156612,0.702962,0.385072,-0.335845,-0.162897,-0.326621,-0.704664,-0.231852,0.636283,-0.097965,0.023426,0.014949,-0.063684,0.252946,0.211791,0.164681,0.051918,1.166587,0.154896,-0.015332,0.135691,-0.025292,-0.232819,0.338087,1.128478,0.021023,0.035846,-0.302699
0.136850,0.961656,0.757566,0.002396,0.044250,0.998998,0.006330,0.108487,0.209457,0.709514,0.419148,-0.321448,-0.215720,-0.321698,-0.708551,-0.153229,0.552705,-0.069883,0.042811,0.025599,-0.075218,0.237370,0.216248,0.172316,0.054616,1.172193,0.148943,-0.013900,0.135932,-0.028718,-0.219003,0.342957,1.115098,0.014578,0.032655,-0.306143
0.133583,0.994862,0.753584,-0.004837,0.044791,0.998766,0.020878,0.094774,0.272440,0.707755,0.445885,-0.290740,-0.261800,-0.355954,-0.663928,-0.010477,0.523666,-0.006884,0.019460,0.038140,-0.082576,0.222076,0.211568,0.185042,0.061961,1.176584,0.145522,-0.012250,0.138012,-0.040950,-0.200226,0.358534,1.110973,0.005081,0.031692,-0.299962
0.130922,1.033066,0.748702,-0.010218,0.047200,0.998417,0.028845,0.077726,0.330803,0.687217,0.463844,-0.239251,-0.261800,-0.274564,-0.616370,0.034497,0.387044,-0.010249,0.261800,0.035587,-0.100685,0.213603,0.201951,0.207778,0.070809,1.172852,0.142479,-0.009559,0.138593,-0.062875,-0.174053,0.392274,1.118687,-0.000483,0.034692,-0.292284
0.129280,1.076546,0.746783,-0.018862,0.033389,0.998658,0.034795,0.052265,0.438288,0.673975,0.479011,-0.159811,-0.261800,-0.222028,-0.529863,-0.042129,0.319435,-0.071840,0.261800,0.030013,-0.095266,0.204100,0.181951,0.240506,0.082647,1.167697,0.139869,-0.010931,0.138589,-0.092353,-0.141251,0.444137,1.136296,-0.012785,0.040878,-0.289222
0.128241,1.120430,0.749009,-0.027307,0.027368,0.998926,0.025553,0.042914,0.495562,0.652845,0.398777,-0.017075,-0.261800,-0.251055,-0.473106,-0.094938,0.414815,-0.198569,0.261800,0.002918,-0.108355,0.201323,0.141040,0.279617,0.090686,1.168449,0.137993,-0.008454,0.147893,-0.121819,-0.105555,0.495631,1.149414,-0.023321,0.042261,-0.276289
0.127846,1.166284,0.751275,-0.033581,0.018095,0.999241,0.007939,0.018362,0.563314,0.610290,0.325371,0.133630,-0.261800,-0.302958,-0.416153,-0.142532,0.569639,-0.301155,0.246721,-0.028000,-0.118764,0.201746,0.081541,0.321811,0.088224,1.176717,0.148568,-0.003563,0.156361,-0.144474,-0.073000,0.531076,1.148440,-0.084685,0.066461,-0.269685
0.126360,1.211839,0.751395,0.032730,0.010596,-0.999386,0.006626,-0.062486,0.712031,0.535032,0.411883,0.140377,-0.261800,-0.284318,-0.306633,-0.228123,0.618734,-0.359382,0.187392,-0.044756,-0.089417,0.209445,0.011879,0.355276,0.068015,1.181342,0.160794,0.001297,0.154790,-0.159240,-0.064519,0.539617,1.129509,-0.136595,0.035594,-0.258681
0.124811,1.251242,0.752609,0.036055,0.010203,-0.998969,0.025636,-0.062263,0.723278,0.580664,0.411401,0.035923,-0.224230,-0.280636,-0.271324,-0.286509,0.652472,-0.414615,0.143873,-0.063541,-0.107991,0.206074,-0.062424,0.374219,0.030654,1.172125,0.174030,-0.007949,0.150898,-0.157490,-0.078693,0.505111,1.080227,-0.116379,0.037035,-0.247004
0.124398,1.286889,0.755847,0.034059,0.007569,-0.999002,0.027900,0.011878,0.723797,0.714365,0.461941,-0.058555,-0.205280,-0.273234,-0.223479,-0.309557,0.656901,-0.438508,0.092432,-0.055818,-0.124175,0.218143,-0.127741,0.369603,0.014704,1.138487,0.192070,-0.014707,0.153467,-0.154108,-0.101902,0.449589,1.054758,-0.073677,0.020330,-0.284151
0.124130,1.318609,0.758762,0.026847,0.004847,-0.999342,0.023896,0.097617,0.699787,0.798412,0.565645,-0.141250,-0.180299,-0.251510,-0.174133,-0.319670,0.643620,-0.449115,0.050230,-0.045652,-0.130373,0.236972,-0.170568,0.344642,0.007935,1.086656,0.211981,-0.016948,0.160869,-0.150586,-0.130288,0.393030,1.053555,-0.027334,0.000357,-0.333147
0.124251,1.346920,0.760913,0.020181,0.001687,-0.999465,0.025690,0.144398,0.634902,0.796217,0.681693,-0.209333,-0.182362,-0.228566,-0.135091,-0.334751,0.628582,-0.453759,0.014436,-0.050033,-0.130357,0.252823,-0.203288,0.312383,-0.011919,1.036325,0.228305,-0.028251,0.168899,-0.147428,-0.166100,0.353516,1.052516,0.017118,0.007533,-0.368650
0.125284,1.372475,0.762110,0.019897,-0.001111,-0.999212,0.034326,0.133307,0.521706,0.710048,0.781005,-0.257602,-0.197684,-0.220340,-0.105755,-0.359246,0.615555,-0.454200,-0.017610,-0.066811,-0.125003,0.256781,-0.241929,0.278095,-0.042237,1.011705,0.240530,-0.044858,0.171731,-0.132793,-0.204554,0.306391,1.044386,0.033211,0.006696,-0.373591
0.126383,1.396241,0.762779,0.020432,-0.005965,-0.998601,0.048398,0.100702,0.329936,0.550997,0.808061,-0.252471,-0.261800,-0.215301,-0.088573,-0.388859,0.607813,-0.455965,-0.044944,-0.090877,-0.120533,0.257830,-0.283983,0.244004,-0.078613,1.014565,0.250812,-0.048449,0.166217,-0.099184,-0.236858,0.244174,1.021998,0.040977,0.002083,-0.360222
0.128060,1.417625,0.762625,0.026122,-0.019163,-0.997354,0.065087,0.077233,0.052418,0.373290,0.740459,-0.210434,-0.261800,-0.239566,-0.101209,-0.403344,0.635947,-0.466249,-0.064243,-0.123112,-0.129968,0.242807,-0.317995,0.213267,-0.114460,1.034465,0.263732,-0.045622,0.160670,-0.062296,-0.260586,0.198928,1.009359,0.067244,-0.001450,-0.356240
0.129874,1.438214,0.761303,0.028153,-0.021631,-0.996534,0.075236,0.105410,-0.180359,0.229814,0.609783,-0.162192,-0.261800,-0.261899,-0.087991,-0.415988,0.664947,-0.454453,-0.079759,-0.146246,-0.117632,0.234310,-0.338408,0.187745,-0.138028,1.053855,0.279061,-0.044947,0.158164,-0.032683,-0.278525,0.176317,1.011859,0.082820,0.001767,-0.355368
0.132647,1.459885,0.760141,0.030640,-0.012057,-0.996226,0.080310,0.161657,-0.300462,0.173404,0.427649,-0.112122,-0.261800,-0.284363,-0.041834,-0.434328,0.673178,-0.416618,-0.104375,-0.160765,-0.082972,0.228625,-0.341703,0.168857,-0.138533,1.062273,0.283390,-0.045760,0.158231,-0.007361,-0.287848,0.167073,1.017927,0.081268,0.010721,-0.350783
0.136354,1.484024,0.759099,0.034611,0.009297,-0.995765,0.084660,0.220646,-0.325413,0.175269,0.206580,-0.054976,-0.261800,-0.301208,0.038280,-0.465285,0.641904,-0.348421,-0.131346,-0.174251,-0.029910,0.222379,-0.328899,0.161111,-0.122256,1.067542,0.268360,-0.049618,0.162993,0.017726,-0.284595,0.161477,1.023128,0.072795,0.014809,-0.334656
0.141139,1.511817,0.758609,0.036555,0.035387,-0.994692,0.089434,0.206234,-0.288851,0.180697,0.102944,-0.035002,-0.261800,-0.317177,0.133248,-0.503991,0.592967,-0.249119,-0.166317,-0.180912,0.022415,0.224148,-0.312967,0.170035,-0.112386,1.078533,0.249819,-0.049702,0.165158,0.041831,-0.263039,0.149471,1.028246,0.059212,0.022484,-0.311276
0.147260,1.543076,0.760211,0.032447,0.031146,-0.995873,0.078826,0.135166,-0.244308,0.343240,0.206454,-0.137377,-0.021790,-0.351349,0.153633,-0.517969,0.628295,-0.151095,-0.183389,-0.154148,-0.003948,0.235860,-0.294459,0.203679,-0.107626,1.093564,0.237648,-0.046566,0.161474,0.056768,-0.221692,0.149021,1.041887,0.065099,0.018220,-0.305972
0.156077,1.573342,0.759458,0.030336,0.023731,-0.996647,0.072185,0.107985,-0.220466,0.442620,0.255264,-0.215961,0.160990,-0.427606,0.137721,-0.532924,0.729504,-0.023951,-0.157450,-0.137767,-0.040790,0.244339,-0.269864,0.252242,-0.106824,1.110065,0.221576,-0.042117,0.159763,0.058761,-0.175366,0.166045,1.068103,0.080083,0.004166,-0.311194
0.164379,1.601556,0.758880,0.022959,0.020569,-0.997723,0.059986,0.150294,-0.208259,0.482732,0.174128,-0.252691,0.135933,-0.543140,0.169003,-0.432812,0.845304,0.163973,-0.081897,-0.118721,-0.065968,0.262638,-0.225993,0.299470,-0.093119,1.118597,0.204451,-0.036342,0.162385,0.050302,-0.139101,0.199610,1.097351,0.080514,-0.007624,-0.320285
0.171044,1.628217,0.757401,0.016599,0.015958,-0.998806,0.043089,0.170641,-0.188931,0.489192,0.136189,-0.289936,0.113156,-0.612697,0.250490,-0.268335,0.870352,0.311013,0.261800,-0.098163,-0.088474,0.273241,-0.161917,0.336389,-0.062949,1.120762,0.196235,-0.029585,0.162767,0.040145,-0.115025,0.236866,1.120895,0.073772,-0.016454,-0.330847
0.175921,1.653372,0.756391,0.011714,0.011137,-0.999388,0.031038,0.174550,-0.161644,0.510124,0.136669,-0.329638,0.079735,-0.591495,0.136873,-0.406816,0.913103,0.235749,0.261800,-0.084208,-0.104941,0.276466,-0.090525,0.358207,-0.029653,1.126858,0.184115,-0.024651,0.167404,0.040935,-0.099515,0.248303,1.128370,0.071785,-0.026665,-0.339125
0.179886,1.676323,0.757607,0.010698,0.010502,-0.999451,0.029552,0.170713,-0.127858,0.532440,0.137275,-0.352222,0.065373,-0.559331,0.023523,-0.538331,0.929946,0.096257,0.261800,-0.078451,-0.105716,0.274720,-0.031851,0.362478,-0.000883,1.150060,0.173821,-0.020334,0.167711,0.053017,-0.092104,0.226668,1.121016,0.069704,-0.028549,-0.340210
0.182597,1.697919,0.760423,0.006891,0.010036,-0.999412,0.032064,0.172573,-0.093610,0.534831,0.140337,-0.356076,0.048868,-0.554454,-0.024028,-0.516601,0.915239,-0.026520,0.261800,-0.069684,-0.101621,0.282034,0.016918,0.354043,0.019914,1.175882,0.160446,-0.012036,0.160409,0.065567,-0.093861,0.204446,1.112442,0.083168,-0.027095,-0.347777
0.184029,1.718383,0.763528,0.004532,0.005913,-0.999318,0.036155,0.173734,-0.067694,0.531345,0.141379,-0.343698,0.020762,-0.528575,-0.128808,-0.525464,0.905224,-0.111575,0.261800,-0.061059,-0.101549,0.285700,0.062257,0.339756,0.031026,1.198051,0.151130,-0.006019,0.142548,0.073580,-0.104329,0.196720,1.117614,0.090182,-0.031117,-0.359107
0.183595,1.738108,0.766190,0.003017,0.000017,-0.999077,0.042858,0.173387,-0.048254,0.520090,0.143279,-0.327580,-0.003643,-0.480864,-0.283473,-0.578742,0.907044,-0.182921,0.261800,-0.059133,-0.101506,0.283721,0.106965,0.323935,0.030800,1.216432,0.148271,-0.005538,0.125026,0.076812,-0.118053,0.193739,1.133018,0.092243,-0.029318,-0.361047
0.181729,1.758490,0.768186,0.001484,-0.003503,-0.999128,0.041567,0.168832,-0.017202,0.521667,0.164885,-0.323656,-0.029713,-0.431847,-0.406542,-0.606203,0.879614,-0.215590,0.212302,-0.042285,-0.095132,0.279947,0.149883,0.304642,0.036828,1.226374,0.151218,-0.002206,0.121954,0.078139,-0.133883,0.189856,1.148637,0.096091,-0.024089,-0.347944
0.178336,1.779327,0.769331,-0.000526,-0.006412,-0.999362,0.035118,0.171035,0.015363,0.530506,0.182633,-0.319072,-0.061110,-0.400890,-0.491151,-0.567402,0.826860,-0.208241,0.159867,-0.016498,-0.085667,0.274099,0.193065,0.280416,0.059347,1.223456,0.147933,-0.000214,0.124694,0.076416,-0.153145,0.198303,1.166528,0.104836,-0.020094,-0.338325
0.173463,1.800940,0.769360,-0.001762,-0.009112,-0.999562,0.028099,0.169556,0.052594,0.537773,0.212779,-0.320075,-0.094781,-0.389852,-0.550640,-0.474600,0.762610,-0.167077,0.099119,0.005576,-0.075438,0.265178,0.236912,0.254123,0.087093,1.209548,0.138920,-0.001783,0.125121,0.072088,-0.173564,0.209629,1.177833,0.099971,-0.008929,-0.326292
0.168312,1.824409,0.768241,-0.000886,-0.010650,-0.999709,0.021608,0.155133,0.101363,0.540369,0.264658,-0.328266,-0.133825,-0.401872,-0.583487,-0.336322,0.701399,-0.110042,0.023980,0.021217,-0.065639,0.256558,0.273691,0.231555,0.107969,1.191137,0.128818,-0.003018,0.124181,0.061273,-0.191307,0.215593,1.179155,0.091372,-0.003765,-0.313137
0.162531,1.850200,0.765954,0.001190,-0.013220,-0.999770,0.016866,0.138380,0.151455,0.531792,0.315368,-0.328638,-0.182857,-0.416556,-0.589362,-0.162164,0.636871,-0.039212,-0.019025,0.028052,-0.062551,0.248399,0.301608,0.215236,0.118746,1.178977,0.117023,-0.007264,0.132684,0.044902,-0.202364,0.221064,1.174314,0.093626,-0.005906,-0.314903
0.156430,1.878829,0.762419,0.004704,-0.018787,-0.999676,0.016493,0.118072,0.195596,0.508729,0.357964,-0.317024,-0.238125,-0.427694,-0.584392,0.012099,0.590532,0.032555,-0.054054,0.026472,-0.070463,0.240348,0.310829,0.208985,0.116436,1.186481,0.104637,-0.012977,0.145607,0.026340,-0.203546,0.219744,1.162924,0.091076,-0.006548,-0.324607
0.150424,1.910974,0.757994,0.011771,-0.026049,-0.999391,0.020003,0.082602,0.233176,0.466938,0.397381,-0.291799,-0.261800,-0.417915,-0.581401,0.126692,0.547835,0.055918,-0.047110,0.022604,-0.084652,0.227750,0.294478,0.213059,0.102020,1.214471,0.096130,-0.011565,0.150063,0.008882,-0.193731,0.211398,1.143809,0.081729,-0.008864,-0.331137
0.144024,1.947786,0.753259,0.017419,-0.031761,-0.999063,0.023683,0.043465,0.280079,0.421850,0.442537,-0.248196,-0.261800,-0.340144,-0.570748,0.172587,0.450466,0.045654,0.126073,0.019822,-0.103958,0.219696,0.265005,0.225816,0.099803,1.236906,0.097516,-0.002931,0.144277,-0.014105,-0.175146,0.223643,1.129025,0.073826,-0.013186,-0.332149
0.137235,1.989249,0.750484,0.024611,-0.028555,-0.998949,0.026075,0.014003,0.348988,0.388220,0.451716,-0.175307,-0.261800,-0.246503,-0.544077,0.066269,0.330106,0.001499,0.261800,0.018493,-0.115112,0.210675,0.231697,0.244963,0.109870,1.236013,0.099955,0.000957,0.140377,-0.047591,-0.149333,0.264301,1.130613,0.063843,-0.013813,-0.334047
0.130068,2.032600,0.751312,0.034443,-0.021214,-0.998673,0.031871,0.010733,0.415180,0.369270,0.377636,-0.056820,-0.261800,-0.211719,-0.482461,-0.025302,0.301491,-0.089144,0.261800,0.009073,-0.122294,0.197958,0.193153,0.267884,0.118138,1.218307,0.100991,-0.005320,0.145767,-0.087124,-0.120038,0.323198,1.139323,0.041977,-0.006611,-0.335847
0.124124,2.075973,0.753814,0.046810,-0.013659,-0.997938,0.041729,0.009914,0.477259,0.367811,0.271308,0.082799,-0.261800,-0.249722,-0.425914,-0.103269,0.394804,-0.208706,0.261800,-0.009500,-0.130571,0.183518,0.145215,0.289427,0.127403,1.188961,0.117447,-0.007361,0.156868,-0.131824,-0.093844,0.397979,1.145038,0.031214,0.002853,-0.328828
0.119381,2.121068,0.755189,0.051205,0.008936,-0.997470,0.048495,-0.053644,0.610149,0.361799,0.326747,0.137374,-0.261800,-0.282430,-0.322569,-0.149138,0.489595,-0.287059,0.215520,-0.020900,-0.109391,0.185737,0.089738,0.307676,0.129381,1.153319,0.139299,-0.008469,0.164871,-0.179037,-0.078202,0.479872,1.134039,0.002215,0.009844,-0.327534
0.115863,2.160511,0.754771,0.045803,0.021736,-0.996693,0.063505,-0.118736,0.708340,0.404831,0.465738,0.020834,-0.113534,-0.279125,-0.254812,-0.200641,0.552805,-0.346194,0.174590,-0.048259,-0.094347,0.202906,0.023182,0.316613,0.101877,1.134296,0.149546,-0.017486,0.174132,-0.219889,-0.080198,0.546357,1.110039,-0.042724,-0.002262,-0.352176
0.112875,2.195652,0.756210,0.036309,0.018163,-0.996369,0.074836,-0.064604,0.706486,0.501860,0.512757,-0.061790,-0.108754,-0.265975,-0.222702,-0.238838,0.599191,-0.394863,0.120997,-0.061909,-0.104106,0.227638,-0.059836,0.316820,0.051047,1.137387,0.171643,-0.022604,0.184967,-0.232923,-0.091933,0.543543,1.063154,-0.091178,-0.016376,-0.378023
0.110586,2.227374,0.758505,0.030290,0.015851,-0.996869,0.071298,-0.011709,0.686879,0.564081,0.625949,-0.150746,-0.079990,-0.260377,-0.175586,-0.250290,0.613364,-0.415887,0.066567,-0.055302,-0.105361,0.244050,-0.131500,0.300185,0.013263,1.130836,0.219040,-0.015604,0.184164,-0.235377,-0.107464,0.502702,1.022229,-0.088033,-0.020352,-0.382267
0.108563,2.254267,0.760535,0.023052,0.009219,-0.997380,0.067942,0.031087,0.616754,0.573380,0.756490,-0.224907,-0.089493,-0.250427,-0.145732,-0.250783,0.621922,-0.427844,0.034794,-0.058112,-0.107378,0.261587,-0.182357,0.270006,-0.010926,1.105188,0.240097,-0.014671,0.183308,-0.239456,-0.127912,0.464081,1.007390,-0.042297,-0.024514,-0.380041
0.107785,2.278155,0.761638,0.021139,0.004005,-0.997455,0.067978,0.041603,0.505564,0.545147,0.869637,-0.269384,-0.123234,-0.252654,-0.121562,-0.259322,0.631874,-0.435096,0.005455,-0.071662,-0.101949,0.269428,-0.226844,0.237005,-0.038005,1.083355,0.235244,-0.028798,0.188613,-0.238565,-0.151797,0.418085,1.001437,-0.020047,-0.020928,-0.380872
0.107703,2.300759,0.762316,0.020269,0.003608,-0.997362,0.069602,0.044837,0.361472,0.498161,0.925574,-0.284208,-0.187290,-0.254224,-0.088060,-0.273589,0.631708,-0.433387,-0.032577,-0.092114,-0.086809,0.274787,-0.267308,0.208071,-0.063382,1.073740,0.240642,-0.037019,0.189400,-0.229471,-0.173274,0.364878,0.995570,-0.021061,-0.014540,-0.378078
0.108175,2.322141,0.762812,0.022379,-0.000697,-0.996981,0.074342,0.042525,0.161100,0.425584,0.894494,-0.255085,-0.261800,-0.266763,-0.069960,-0.283242,0.640520,-0.429019,-0.054912,-0.117313,-0.079810,0.271862,-0.306134,0.186106,-0.097001,1.080599,0.251265,-0.036911,0.189540,-0.206969,-0.188647,0.304250,0.983009,-0.009642,-0.005638,-0.377070
0.109745,2.342029,0.763010,0.028272,-0.008240,-0.996312,0.080595,0.050048,-0.064132,0.353264,0.774867,-0.200175,-0.261800,-0.303669,-0.068780,-0.289768,0.678690,-0.415397,-0.064835,-0.143063,-0.078983,0.258830,-0.340749,0.170285,-0.129559,1.097197,0.261227,-0.034668,0.184000,-0.176108,-0.200595,0.252991,0.973229,0.017656,-0.009974,-0.375867
0.111890,2.362315,0.762812,0.033291,-0.006460,-0.995875,0.084164,0.086999,-0.237075,0.285945,0.582445,-0.146491,-0.261800,-0.339936,-0.045068,-0.303800,0.708741,-0.385274,-0.084568,-0.162391,-0.061879,0.248613,-0.362244,0.161454,-0.146956,1.105116,0.273294,-0.035284,0.175632,-0.145394,-0.211225,0.227751,0.971536,0.032600,-0.007726,-0.373968
0.114890,2.384826,0.762196,0.038708,0.008660,-0.995328,0.088026,0.143918,-0.313061,0.244619,0.345385,-0.084634,-0.261800,-0.364151,0.013111,-0.337536,0.697498,-0.333406,-0.110875,-0.178865,-0.023814,0.240629,-0.371690,0.161980,-0.151900,1.107318,0.268090,-0.039406,0.179496,-0.114117,-0.217187,0.221278,0.977534,0.031409,-0.002404,-0.361207
0.118943,2.410324,0.761050,0.042919,0.036374,-0.993799,0.095907,0.196758,-0.293993,0.230336,0.115053,-0.004780,-0.261800,-0.374647,0.099257,-0.400629,0.644627,-0.255113,-0.143062,-0.193945,0.033968,0.238269,-0.376420,0.171443,-0.152646,1.113257,0.254089,-0.042172,0.183609,-0.075714,-0.215776,0.211031,0.982444,0.018604,0.005623,-0.342613
0.122927,2.439600,0.761597,0.039864,0.044551,-0.993818,0.093555,0.130780,-0.222995,0.344726,0.213733,-0.117759,-0.076221,-0.384109,0.153929,-0.432409,0.621321,-0.174726,-0.173565,-0.180488,0.037021,0.245711,-0.374944,0.197352,-0.153613,1.120510,0.245789,-0.041764,0.179605,-0.035073,-0.195372,0.194955,0.992251,0.017259,0.007761,-0.330952
0.130312,2.468734,0.759475,0.042678,0.042467,-0.993469,0.096927,0.098209,-0.195648,0.433702,0.261188,-0.220200,0.150669,-0.444762,0.155667,-0.475782,0.676623,-0.094302,-0.183508,-0.174636,0.014539,0.240966,-0.370783,0.235144,-0.154175,1.129832,0.232558,-0.041645,0.175219,-0.005667,-0.163760,0.187886,1.022002,0.035381,-0.000309,-0.330226
0.139225,2.496797,0.759335,0.040561,0.038392,-0.993789,0.096250,0.132418,-0.188398,0.493446,0.172603,-0.251701,0.148599,-0.519224,0.147847,-0.486215,0.751809,0.046167,-0.149743,-0.165493,-0.013174,0.253346,-0.353038,0.277350,-0.143182,1.128568,0.212796,-0.043372,0.174419,0.006596,-0.132199,0.197641,1.068637,0.047890,-0.007000,-0.333741
0.148291,2.523315,0.759524,0.038174,0.033562,-0.994906,0.087050,0.137755,-0.173456,0.514756,0.134721,-0.282558,0.137065,-0.636554,0.208222,-0.333260,0.823739,0.218226,-0.016949,-0.146118,-0.040201,0.265975,-0.318332,0.317701,-0.121956,1.128143,0.189761,-0.044263,0.179559,0.009201,-0.106870,0.222351,1.120731,0.064097,-0.005508,-0.327075
0.155123,2.548544,0.758838,0.030263,0.026665,-0.995980,0.079977,0.142711,-0.151414,0.527038,0.136417,-0.317462,0.112917,-0.624691,0.253714,-0.219129,0.770656,0.249232,0.261800,-0.130205,-0.066006,0.282834,-0.270684,0.348852,-0.098768,1.134780,0.181039,-0.039244,0.178350,0.019177,-0.092353,0.247701,1.161309,0.093700,-0.011372,-0.315460
0.160300,2.571544,0.759358,0.026383,0.022568,-0.996333,0.078196,0.141448,-0.125552,0.541455,0.137147,-0.338003,0.090964,-0.593652,0.174126,-0.293441,0.746112,0.127975,0.261800,-0.116296,-0.078651,0.287348,-0.219890,0.366337,-0.078598,1.152790,0.180808,-0.032700,0.174467,0.042321,-0.085680,0.255268,1.180934,0.101876,-0.011047,-0.311699
0.164344,2.591929,0.762199,0.028100,0.022478,-0.996045,0.081236,0.127994,-0.094476,0.545012,0.135659,-0.341599,0.071420,-0.582292,0.080641,-0.330678,0.736317,0.021874,0.261800,-0.105462,-0.075955,0.280076,-0.168152,0.368003,-0.056112,1.175853,0.177012,-0.023500,0.172546,0.069541,-0.086257,0.247888,1.189479,0.104172,-0.011759,-0.314326
0.167280,2.610272,0.766049,0.029164,0.022287,-0.995860,0.083166,0.117402,-0.065348,0.545661,0.134055,-0.334581,0.048198,-0.562086,-0.031441,-0.345791,0.731349,-0.085871,0.261800,-0.097272,-0.069218,0.273187,-0.104551,0.360003,-0.029810,1.186248,0.169232,-0.011959,0.168776,0.086321,-0.095283,0.243445,1.199989,0.113293,-0.010737,-0.315852
0.169137,2.627491,0.769623,0.028310,0.019676,-0.996044,0.081895,0.113498,-0.043048,0.551786,0.132974,-0.320457,0.026549,-0.513982,-0.191633,-0.433361,0.735992,-0.153731,0.261800,-0.089860,-0.064849,0.267641,-0.032263,0.347880,-0.007945,1.191140,0.159217,-0.012668,0.158554,0.092788,-0.108815,0.237709,1.211212,0.121897,-0.010904,-0.319050
0.168861,2.644954,0.772421,0.023738,0.014871,-0.996416,0.079812,0.121680,-0.024007,0.555758,0.132415,-0.304096,-0.001420,-0.447916,-0.343927,-0.509187,0.736564,-0.199145,0.260134,-0.082800,-0.064801,0.264961,0.040049,0.334099,0.007831,1.200601,0.148097,-0.015434,0.148020,0.097545,-0.120892,0.222991,1.213294,0.125571,-0.006719,-0.319262
0.167855,2.664111,0.774364,0.022571,0.011438,-0.997201,0.070357,0.122132,0.003074,0.572400,0.139419,-0.288680,-0.031380,-0.412549,-0.443695,-0.515514,0.724516,-0.181700,0.168311,-0.061063,-0.063668,0.253749,0.104758,0.319843,0.025260,1.214820,0.142278,-0.010874,0.143474,0.099338,-0.131164,0.212041,1.207976,0.125119,-0.006900,-0.319004
0.165754,2.683846,0.774967,0.021484,0.006901,-0.997948,0.059924,0.102560,0.043770,0.583586,0.203748,-0.302079,-0.060788,-0.404268,-0.518965,-0.461677,0.720441,-0.121407,0.091206,-0.037511,-0.063812,0.242022,0.162604,0.304234,0.049394,1.228001,0.129455,-0.008750,0.138007,0.096966,-0.142157,0.205219,1.196591,0.111878,-0.010700,-0.324428
0.162254,2.704635,0.774067,0.019553,0.000930,-0.998619,0.048762,0.094452,0.079650,0.589262,0.253327,-0.309037,-0.097758,-0.395301,-0.568802,-0.384376,0.692307,-0.073502,0.059521,-0.015453,-0.066899,0.230659,0.216197,0.288299,0.076459,1.237120,0.111156,-0.005937,0.133797,0.088874,-0.155141,0.205310,1.185110,0.096938,-0.017841,-0.333550
0.158186,2.727087,0.772037,0.017723,-0.006563,-0.999024,0.039934,0.089000,0.111787,0.588130,0.296290,-0.312038,-0.135216,-0.376528,-0.604127,-0.317819,0.636573,-0.024983,0.053335,-0.000398,-0.073863,0.220083,0.260545,0.274684,0.099887,1.246135,0.093327,-0.006277,0.128676,0.073362,-0.167543,0.210321,1.176325,0.070056,-0.020316,-0.343804
0.154218,2.752127,0.769301,0.019534,-0.013085,-0.999309,0.028795,0.079254,0.149308,0.594736,0.334458,-0.310543,-0.176401,-0.362464,-0.612069,-0.246343,0.557931,0.021446,0.075250,0.018451,-0.081829,0.207536,0.289511,0.265086,0.112750,1.255219,0.077771,-0.006338,0.127838,0.052260,-0.178156,0.211062,1.164807,0.051777,-0.028242,-0.357246
0.150629,2.779945,0.766504,0.023991,-0.016302,-0.999493,0.013111,0.064948,0.201933,0.605125,0.377083,-0.303452,-0.230872,-0.361470,-0.587600,-0.162443,0.492172,0.045751,0.093390,0.042064,-0.086184,0.196164,0.304347,0.257567,0.127202,1.259129,0.073276,-0.005063,0.125936,0.020990,-0.186446,0.219435,1.155430,0.044163,-0.040305,-0.380095
0.146782,2.810923,0.763667,0.029534,-0.019374,-0.999375,0.001190,0.044298,0.256188,0.599736,0.418747,-0.279097,-0.261800,-0.315129,-0.546514,-0.119816,0.380908,0.097658,0.253009,0.053765,-0.094436,0.186331,0.310375,0.254362,0.140922,1.254230,0.068318,-0.004787,0.125476,-0.015708,-0.190810,0.236931,1.147171,0.032716,-0.054911,-0.406703
0.143445,2.846644,0.761148,-0.039807,0.016600,0.999035,0.008279,0.008654,0.327232,0.580929,0.455533,-0.237128,-0.261800,-0.250506,-0.482501,-0.182125,0.254400,0.059781,0.261800,0.058171,-0.097452,0.169997,0.304709,0.257773,0.149488,1.243662,0.062267,-0.006746,0.133293,-0.054928,-0.189713,0.259541,1.136601,0.014095,-0.060702,-0.422924
0.139761,2.882596,0.761644,-0.046358,0.019965,0.998709,0.005780,0.002973,0.358528,0.551491,0.409898,-0.145212,-0.261800,-0.245999,-0.441439,-0.184755,0.262610,-0.059354,0.261800,0.042961,-0.113835,0.168108,0.277257,0.266625,0.155037,1.231543,0.071868,-0.005754,0.146114,-0.092208,-0.181943,0.271192,1.116198,-0.006463,-0.066408,-0.434621
0.136854,2.920121,0.765267,0.057238,-0.015817,-0.998230,0.003258,0.006895,0.394670,0.536082,0.300672,-0.015728,-0.261800,-0.288990,-0.395811,-0.217176,0.354948,-0.154080,0.261800,0.019418,-0.117708,0.163470,0.233052,0.277116,0.160772,1.210673,0.082421,-0.006981,0.156435,-0.121378,-0.170744,0.273556,1.084205,-0.020519,-0.071526,-0.448406
0.133576,2.959723,0.767760,0.067071,-0.004621,-0.997572,0.018163,0.002923,0.452895,0.525027,0.201151,0.109475,-0.261800,-0.321251,-0.335931,-0.268568,0.439190,-0.223504,0.209047,-0.011111,-0.109378,0.152404,0.180195,0.288776,0.158244,1.192174,0.093995,-0.008819,0.163611,-0.141896,-0.159913,0.281013,1.067868,-0.027164,-0.080542,-0.452116
0.128509,2.997404,0.769279,0.064734,0.007787,-0.997340,0.032597,-0.023074,0.541431,0.536503,0.258877,0.078150,-0.261800,-0.299958,-0.270466,-0.328303,0.467088,-0.270689,0.168011,-0.033731,-0.096111,0.158379,0.117228,0.296576,0.130927,1.178931,0.116971,-0.010434,0.169476,-0.154222,-0.159473,0.300909,1.066203,-0.025926,-0.080041,-0.449803
0.124485,3.031056,0.770857,0.061786,0.007273,-0.997216,0.041097,-0.000405,0.548503,0.577498,0.306206,-0.023441,-0.261800,-0.291129,-0.230270,-0.360643,0.494787,-0.313792,0.112068,-0.041029,-0.102460,0.165515,0.040268,0.295927,0.088024,1.169033,0.147998,-0.010981,0.180074,-0.157371,-0.170216,0.313955,1.061491,-0.025932,-0.071411,-0.443115
0.120686,3.061782,0.773005,0.054209,0.007189,-0.997660,0.041045,0.045630,0.548282,0.634835,0.419941,-0.115402,-0.228830,-0.265574,-0.178781,-0.377714,0.489248,-0.334633,0.054205,-0.033642,-0.101198,0.179611,-0.032463,0.278963,0.059755,1.150518,0.184464,-0.011735,0.181702,-0.148233,-0.182218,0.300284,1.056559,-0.024955,-0.056990,-0.424968
0.116808,3.088797,0.774657,0.044054,0.005106,-0.998057,0.043771,0.101281,0.523697,0.685666,0.552952,-0.196556,-0.177474,-0.227696,-0.138850,-0.394499,0.471582,-0.348615,0.022421,-0.038107,-0.095950,0.192582,-0.088281,0.249068,0.038230,1.119246,0.203333,-0.012935,0.181789,-0.132718,-0.195546,0.285624,1.059886,0.005696,-0.040167,-0.403651
0.113572,3.112960,0.775258,0.036518,0.001850,-0.998155,0.048471,0.131672,0.454334,0.670178,0.672956,-0.247491,-0.167066,-0.203108,-0.109687,-0.408893,0.467606,-0.361713,-0.007519,-0.052284,-0.088513,0.198319,-0.133030,0.213646,0.015578,1.086836,0.210136,-0.021402,0.194947,-0.116894,-0.214097,0.284061,1.067359,0.037319,-0.023062,-0.382485
0.111409,3.135525,0.774920,0.030184,-0.002419,-0.998078,0.054059,0.129609,0.302511,0.540765,0.725955,-0.233001,-0.258716,-0.186842,-0.086696,-0.422616,0.471383,-0.374538,-0.040264,-0.069498,-0.081782,0.203268,-0.175038,0.178636,-0.005946,1.061428,0.223121,-0.030172,0.201322,-0.095146,-0.232855,0.274061,1.067356,0.027032,-0.008568,-0.361417
0.111107,3.155673,0.774295,0.030233,-0.017008,-0.997169,0.066720,0.116693,0.060430,0.380082,0.691656,-0.185421,-0.261800,-0.203342,-0.107003,-0.438282,0.519732,-0.399605,-0.057152,-0.102962,-0.093497,0.195282,-0.209623,0.150538,-0.033105,1.042842,0.242433,-0.034058,0.198562,-0.065481,-0.245681,0.251189,1.057277,0.022401,-0.000681,-0.352447
0.111317,3.175676,0.772899,0.028320,-0.022293,-0.996669,0.073150,0.139843,-0.149122,0.254231,0.600989,-0.147918,-0.261800,-0.220004,-0.101505,-0.446887,0.563581,-0.402359,-0.073863,-0.125978,-0.088430,0.190591,-0.235112,0.131472,-0.063012,1.035827,0.249346,-0.042929,0.196851,-0.033240,-0.250568,0.223911,1.044319,0.033911,0.001176,-0.356575
0.112473,3.196607,0.771671,0.029030,-0.017798,-0.996490,0.076473,0.170043,-0.276396,0.180522,0.479087,-0.108763,-0.261800,-0.241963,-0.070235,-0.460642,0.591567,-0.377270,-0.091655,-0.144832,-0.067658,0.183578,-0.249264,0.122256,-0.084029,1.033336,0.257809,-0.046416,0.198469,-0.006940,-0.249445,0.213112,1.038401,0.039974,0.004485,-0.360500
0.115149,3.219361,0.771304,0.030859,-0.004410,-0.996265,0.080520,0.198708,-0.314885,0.160944,0.328432,-0.065096,-0.261800,-0.257697,-0.013645,-0.487841,0.585192,-0.324835,-0.116242,-0.161698,-0.033109,0.180984,-0.254975,0.121592,-0.094352,1.036901,0.260030,-0.047391,0.197444,0.015245,-0.242349,0.209224,1.036676,0.037744,0.003681,-0.349447
0.119487,3.244202,0.770387,0.033585,0.018827,-0.995863,0.082303,0.233334,-0.298978,0.148811,0.112000,0.018798,-0.261800,-0.269793,0.073494,-0.524122,0.543286,-0.242090,-0.142373,-0.171378,0.015328,0.182463,-0.254441,0.132040,-0.098301,1.050259,0.255691,-0.044307,0.198538,0.031706,-0.227034,0.208472,1.042882,0.025016,0.005787,-0.335788
0.124266,3.272397,0.771777,0.025929,0.024799,-0.997056,0.067767,0.164198,-0.243143,0.253733,0.176414,-0.047267,-0.159274,-0.272636,0.133057,-0.526383,0.528630,-0.155006,-0.171369,-0.148964,0.016319,0.205289,-0.243980,0.157965,-0.100692,1.062558,0.255199,-0.035646,0.199656,0.037717,-0.204059,0.221600,1.060792,0.024611,0.000588,-0.334955
0.132693,3.300529,0.769558,0.028334,0.020936,-0.997606,0.059513,0.098720,-0.212243,0.360593,0.294368,-0.168346,0.130203,-0.353413,0.131560,-0.532097,0.628206,-0.068365,-0.174462,-0.133139,-0.007882,0.209151,-0.234881,0.199906,-0.106502,1.083403,0.248557,-0.031987,0.195830,0.035870,-0.173501,0.239045,1.089833,0.028218,-0.010201,-0.341140
0.141866,3.326806,0.769200,0.022513,0.013555,-0.998517,0.047679,0.144479,-0.210267,0.423591,0.203885,-0.193804,0.136389,-0.450261,0.127736,-0.479090,0.756457,0.072903,-0.143285,-0.117088,-0.039276,0.233955,-0.207812,0.242605,-0.094473,1.091025,0.237777,-0.029315,0.193954,0.019441,-0.147195,0.266866,1.125184,0.035967,-0.014143,-0.350633
0.150617,3.351839,0.767907,0.018739,0.010305,-0.999334,0.029559,0.167452,-0.197522,0.453291,0.144830,-0.227461,0.127640,-0.563222,0.192560,-0.325096,0.838512,0.256575,0.062829,-0.094688,-0.059315,0.252580,-0.164581,0.278892,-0.067357,1.094811,0.223699,-0.021459,0.194277,-0.000397,-0.130382,0.296466,1.156605,0.053603,-0.021152,-0.350863
0.157398,3.376368,0.765772,0.011650,0.009435,-0.999849,0.008792,0.179689,-0.167038,0.493337,0.136723,-0.275721,0.105659,-0.559982,0.195028,-0.323088,0.825199,0.335938,0.261800,-0.069162,-0.070846,0.272518,-0.108977,0.305101,-0.041098,1.100644,0.204239,-0.017528,0.197208,-0.012841,-0.124448,0.316892,1.169811,0.060866,-0.027972,-0.358795
0.162446,3.397866,0.765435,-0.006757,-0.007363,0.999944,0.003456,0.188964,-0.140860,0.528155,0.131482,-0.306102,0.086848,-0.545306,0.090562,-0.435750,0.872493,0.161069,0.261800,-0.056773,-0.079373,0.283669,-0.050406,0.320069,-0.019274,1.117144,0.187237,-0.019034,0.196095,-0.014897,-0.125102,0.315133,1.166284,0.054582,-0.030675,-0.369572
0.166097,3.418365,0.767358,-0.007013,-0.008090,0.999888,0.010478,0.186381,-0.106080,0.550830,0.129918,-0.317542,0.064544,-0.530933,0.002391,-0.511505,0.873753,0.035446,0.261800,-0.049925,-0.077375,0.283318,0.002395,0.321193,-0.000262,1.147345,0.175300,-0.015026,0.188585,-0.009590,-0.129371,0.292430,1.153325,0.056445,-0.031262,-0.376801
0.168277,3.438084,0.770394,-0.008964,-0.009429,0.999814,0.014242,0.179682,-0.068310,0.556762,0.132327,-0.317931,0.031677,-0.524586,-0.072916,-0.527982,0.856930,-0.049218,0.261800,-0.044148,-0.069478,0.278322,0.049415,0.312008,0.009484,1.184096,0.157696,-0.009627,0.176472,-0.001836,-0.139483,0.271174,1.140305,0.061928,-0.031630,-0.381584
0.169097,3.457246,0.772687,-0.010052,-0.009104,0.999785,0.015660,0.178072,-0.036809,0.558838,0.131024,-0.314499,0.001427,-0.502617,-0.176555,-0.547337,0.839668,-0.106141,0.261800,-0.040596,-0.061043,0.273693,0.094165,0.296771,0.015942,1.213294,0.143700,-0.000552,0.155895,0.002953,-0.154736,0.260139,1.134254,0.059870,-0.031794,-0.384618
0.168575,3.476452,0.773759,-0.007913,-0.008109,0.999805,0.016169,0.187883,-0.009237,0.559918,0.125298,-0.312967,-0.027790,-0.463329,-0.295210,-0.566910,0.822616,-0.136875,0.261800,-0.038151,-0.051663,0.273995,0.136803,0.278778,0.019731,1.233723,0.140754,0.004903,0.139991,0.002825,-0.172825,0.258101,1.136181,0.056869,-0.028839,-0.383577
0.167064,3.497237,0.774340,-0.006628,-0.006222,0.999725,0.021629,0.197641,0.019463,0.567568,0.123268,-0.308111,-0.061003,-0.442073,-0.394716,-0.549039,0.801179,-0.122221,0.158951,-0.024933,-0.043780,0.271975,0.174647,0.259959,0.029831,1.244074,0.137846,0.007878,0.134144,0.002766,-0.189756,0.254381,1.138678,0.056690,-0.028980,-0.377868
0.164304,3.519441,0.774403,-0.008347,-0.000579,0.999667,0.024403,0.198476,0.043632,0.569183,0.127516,-0.295785,-0.093967,-0.450006,-0.473664,-0.466549,0.773337,-0.085186,0.061665,-0.012537,-0.043261,0.261433,0.204641,0.243705,0.040839,1.248827,0.133071,0.007818,0.137091,0.005007,-0.202762,0.247691,1.143240,0.056382,-0.028455,-0.375363
0.160223,3.543612,0.773432,-0.009730,0.005870,0.999706,0.021436,0.198228,0.069816,0.556234,0.134129,-0.280111,-0.130062,-0.452954,-0.520419,-0.342421,0.712813,-0.032346,0.011691,-0.006845,-0.045024,0.249120,0.225663,0.231949,0.052748,1.249378,0.124193,0.008707,0.137089,0.011468,-0.211394,0.238039,1.146153,0.063545,-0.028677,-0.371964
0.155398,3.569976,0.770929,-0.010340,0.011218,0.999724,0.017861,0.183885,0.112172,0.533721,0.180510,-0.283006,-0.175818,-0.445309,-0.536870,-0.202227,0.638455,0.013486,-0.015197,-0.000122,-0.046410,0.238776,0.238596,0.224496,0.064420,1.243759,0.122324,0.010043,0.137546,0.016826,-0.219534,0.239333,1.146192,0.059972,-0.025577,-0.365784
0.150149,3.599349,0.766710,-0.010816,0.016734,0.999662,0.016688,0.163603,0.162946,0.507661,0.244169,-0.288725,-0.232419,-0.417462,-0.548950,-0.118861,0.562476,0.016717,-0.000383,0.010858,-0.053084,0.230878,0.245774,0.222569,0.078102,1.227578,0.122516,0.008620,0.140859,0.015550,-0.227856,0.258158,1.147563,0.049275,-0.025250,-0.362763
0.144770,3.631652,0.761958,-0.015655,0.023591,0.999468,0.016179,0.137656,0.205724,0.470387,0.288152,-0.272095,-0.261800,-0.379397,-0.551848,-0.065499,0.473778,0.055841,0.102844,0.016935,-0.067756,0.217276,0.248521,0.226471,0.090097,1.205245,0.119141,0.005154,0.144588,0.006447,-0.231910,0.279851,1.148831,0.025509,-0.021067,-0.358587
0.139199,3.669590,0.756977,-0.023567,0.026155,0.999243,0.016548,0.107061,0.260994,0.434909,0.321891,-0.238641,-0.261800,-0.273715,-0.512785,-0.070188,0.290127,0.061140,0.261800,0.020678,-0.083515,0.198173,0.242693,0.242260,0.098158,1.190185,0.119937,0.000986,0.148731,-0.005346,-0.224241,0.296117,1.146511,0.012028,-0.011724,-0.352551
0.133316,3.709953,0.755459,-0.032029,0.026961,0.999044,0.012594,0.100774,0.310073,0.415695,0.285992,-0.152938,-0.261800,-0.231962,-0.461844,-0.088415,0.240879,-0.046959,0.261800,0.015128,-0.102003,0.183052,0.222003,0.264238,0.104053,1.181977,0.121737,0.000714,0.160246,-0.021479,-0.206349,0.307791,1.141722,0.007963,-0.009275,-0.342415
0.128801,3.750124,0.758771,0.046913,-0.021033,-0.998677,-0.000754,0.087460,0.366711,0.396822,0.203992,-0.016264,-0.261800,-0.283495,-0.409042,-0.125278,0.345661,-0.151195,0.261800,-0.005696,-0.106960,0.165551,0.180508,0.285493,0.107685,1.180099,0.117208,0.001546,0.164679,-0.044718,-0.187991,0.321693,1.129853,-0.007989,0.001238,-0.337577
0.124273,3.791457,0.762907,0.050946,-0.014440,-0.998492,0.014478,0.062710,0.442563,0.391713,0.191555,0.090050,-0.261800,-0.321685,-0.361165,-0.168448,0.472716,-0.234303,0.244293,-0.034103,-0.114294,0.165074,0.131698,0.302264,0.104650,1.186858,0.109950,0.001389,0.172506,-0.066250,-0.173586,0.339346,1.117180,-0.031813,0.007996,-0.324028
0.119164,3.831495,0.765490,0.046392,-0.001274,-0.998508,0.028763,-0.011956,0.563355,0.419657,0.369596,0.017877,-0.235920,-0.297057,-0.290176,-0.230880,0.509167,-0.285232,0.189531,-0.057750,-0.105482,0.178803,0.077252,0.312635,0.077381,1.190184,0.120085,0.004455,0.159912,-0.075320,-0.168707,0.331044,1.079541,-0.060963,0.021210,-0.315753
0.114750,3.866450,0.768576,0.042026,-0.007077,-0.997873,0.049324,-0.006199,0.565699,0.488685,0.434637,-0.040858,-0.199035,-0.274327,-0.270721,-0.283665,0.538813,-0.334125,0.136988,-0.085229,-0.123186,0.188923,0.001602,0.318881,0.007086,1.208399,0.132565,-0.001245,0.153865,-0.066389,-0.175635,0.304010,1.019347,-0.064440,0.015698,-0.332346
0.110635,3.898007,0.772658,0.032899,-0.004111,-0.997817,0.057118,0.024931,0.571364,0.549379,0.556465,-0.118589,-0.154905,-0.228141,-0.215147,-0.324065,0.511917,-0.346246,0.083151,-0.089266,-0.116004,0.209281,-0.076679,0.303646,-0.045043,1.217840,0.172939,0.005824,0.157557,-0.054178,-0.189537,0.261166,0.964491,-0.059948,-0.001596,-0.350005
0.106368,3.925426,0.775611,0.024438,-0.005242,-0.998100,0.056326,0.066733,0.537392,0.592034,0.694604,-0.189726,-0.117268,-0.194494,-0.170005,-0.338832,0.489543,-0.349211,0.047131,-0.083496,-0.107896,0.222811,-0.137125,0.266501,-0.064862,1.198553,0.209494,0.015901,0.160164,-0.043105,-0.210702,0.221309,0.933406,-0.032327,-0.010222,-0.358800
0.102955,3.950250,0.777020,0.021032,-0.008535,-0.998123,0.056879,0.082210,0.446569,0.575417,0.805064,-0.225278,-0.129099,-0.183718,-0.138101,-0.348772,0.488914,-0.354945,0.012284,-0.089457,-0.100384,0.224868,-0.180344,0.223643,-0.075552,1.153579,0.217609,0.007645,0.167911,-0.041602,-0.236962,0.200840,0.926099,-0.001135,-0.007205,-0.364224
0.100896,3.974370,0.777337,0.020262,-0.010059,-0.998007,0.058904,0.079018,0.301140,0.507504,0.850511,-0.198000,-0.240108,-0.189726,-0.108785,-0.366549,0.507997,-0.359081,-0.030289,-0.103302,-0.089719,0.224018,-0.218616,0.188654,-0.100023,1.104686,0.218743,-0.014880,0.175898,-0.040673,-0.257642,0.176796,0.920541,0.001485,-0.000597,-0.362155
0.100934,3.996151,0.777299,0.024656,-0.023231,-0.997011,0.069441,0.068290,0.075561,0.426949,0.803152,-0.132918,-0.261800,-0.234025,-0.128758,-0.377611,0.586020,-0.366413,-0.043907,-0.136200,-0.101216,0.212751,-0.261773,0.166681,-0.143381,1.078465,0.227049,-0.035865,0.182029,-0.030134,-0.266883,0.142436,0.902869,-0.004178,0.003713,-0.363403
0.101722,4.017386,0.776143,0.027517,-0.031479,-0.996097,0.077736,0.081439,-0.141135,0.344968,0.690539,-0.067103,-0.261800,-0.283141,-0.139415,-0.381986,0.671119,-0.357159,-0.052195,-0.166286,-0.104646,0.202524,-0.304423,0.153747,-0.179675,1.072183,0.250797,-0.040921,0.179828,-0.012976,-0.267131,0.118069,0.884712,0.006037,-0.003018,-0.370686
0.103678,4.039922,0.774812,0.029259,-0.027448,-0.995609,0.084575,0.110501,-0.279370,0.280575,0.554199,-0.022453,-0.261800,-0.321222,-0.118135,-0.404207,0.724878,-0.318509,-0.065700,-0.190989,-0.086418,0.198752,-0.344545,0.147871,-0.201474,1.079856,0.260342,-0.039451,0.173579,0.005489,-0.261261,0.107795,0.872142,0.008489,-0.004669,-0.370472
0.106577,4.064627,0.773929,0.029724,-0.013503,-0.995036,0.094007,0.141106,-0.321449,0.255081,0.423461,0.031501,-0.261800,-0.338488,-0.068867,-0.449789,0.730515,-0.262623,-0.095164,-0.212403,-0.052637,0.202196,-0.379512,0.151305,-0.217605,1.093771,0.259598,-0.038981,0.170084,0.027670,-0.247440,0.103294,0.864812,0.003136,-0.000917,-0.356632
0.109769,4.091511,0.772637,0.028657,0.004667,-0.993941,0.106010,0.177819,-0.317761,0.221419,0.259930,0.136473,-0.261800,-0.339215,-0.003437,-0.503371,0.697136,-0.201097,-0.120957,-0.228357,-0.015614,0.206463,-0.406511,0.167532,-0.240306,1.108862,0.260519,-0.033290,0.166098,0.057237,-0.224378,0.093372,0.861022,0.034726,0.007685,-0.326869
0.112656,4.122114,0.773102,0.020153,0.012858,-0.994389,0.103050,0.118885,-0.263981,0.246528,0.343988,0.059633,-0.164085,-0.324785,0.063437,-0.526185,0.651564,-0.127099,-0.151265,-0.208780,-0.009660,0.223374,-0.415385,0.197059,-0.249686,1.106924,0.271585,-0.030173,0.167881,0.085045,-0.191996,0.080048,0.854636,0.090326,0.019671,-0.291698
0.118785,4.153327,0.768256,0.027797,0.019830,-0.994303,0.100978,0.074781,-0.202617,0.369733,0.422381,-0.110381,0.134976,-0.378128,0.100680,-0.567309,0.666911,-0.052469,-0.180870,-0.189680,-0.009063,0.205281,-0.410362,0.238813,-0.237815,1.099408,0.260071,-0.032833,0.169993,0.104232,-0.154852,0.073722,0.859864,0.121827,0.016769,-0.274045
0.126528,4.182610,0.765703,0.028984,0.014888,-0.995268,0.091545,0.115033,-0.197427,0.418121,0.326675,-0.186907,0.154298,-0.436366,0.101088,-0.582933,0.720955,0.052801,-0.166516,-0.169755,-0.033557,0.208908,-0.380566,0.287835,-0.203313,1.074540,0.225386,-0.040494,0.184288,0.094451,-0.127961,0.083808,0.880196,0.116796,0.012461,-0.282104
0.135027,4.210015,0.764179,0.029883,0.008158,-0.996587,0.076515,0.144987,-0.200445,0.422850,0.227007,-0.220396,0.131965,-0.540605,0.124045,-0.489925,0.801655,0.194413,-0.075672,-0.150554,-0.059012,0.218438,-0.332421,0.337790,-0.159993,1.058886,0.187853,-0.050244,0.196587,0.064875,-0.113349,0.099241,0.906245,0.094348,0.018446,-0.292742
0.142495,4.235410,0.762668,0.025816,0.001248,-0.998000,0.057689,0.171845,-0.196909,0.447052,0.160145,-0.243618,0.116886,-0.581876,0.189235,-0.341740,0.803258,0.266151,0.261800,-0.130332,-0.081841,0.235334,-0.272388,0.378753,-0.122796,1.067379,0.181241,-0.042941,0.201551,0.029792,-0.113751,0.126634,0.925728,0.087717,0.023309,-0.304995
0.147726,4.260223,0.761799,0.018634,0.001780,-0.999256,0.033729,0.185583,-0.162606,0.503335,0.150475,-0.281507,0.096565,-0.557651,0.173603,-0.383060,0.806768,0.194005,0.261800,-0.101625,-0.087151,0.252254,-0.201392,0.406185,-0.094969,1.101433,0.181259,-0.031750,0.196289,0.001793,-0.124318,0.152279,0.935713,0.076854,0.018774,-0.314420
0.151407,4.282109,0.763683,0.015721,0.005933,-0.999722,0.016568,0.191674,-0.121523,0.546732,0.143173,-0.303728,0.076443,-0.553297,0.120154,-0.426472,0.853453,0.076297,0.261800,-0.082479,-0.079105,0.259748,-0.130982,0.414244,-0.076813,1.155153,0.169645,-0.022975,0.183551,-0.018782,-0.139384,0.163226,0.932824,0.062023,0.015840,-0.323234
0.153678,4.302306,0.766990,0.014815,0.009304,-0.999835,0.004878,0.192484,-0.080850,0.566151,0.141274,-0.308895,0.047409,-0.555583,0.049691,-0.420604,0.901280,-0.034444,0.261800,-0.071221,-0.068440,0.262824,-0.060703,0.406202,-0.058336,1.208174,0.154537,-0.008462,0.160699,-0.037441,-0.157161,0.169719,0.930998,0.062310,0.009554,-0.334398
0.154610,4.321673,0.770016,-0.015846,-0.010537,0.999818,0.001626,0.191327,-0.045966,0.575804,0.138129,-0.306846,0.019284,-0.540278,-0.075202,-0.448857,0.939526,-0.108554,0.261800,-0.065767,-0.058327,0.259096,0.008484,0.387784,-0.044554,1.253283,0.142158,0.003735,0.137010,-0.052716,-0.174029,0.168300,0.933967,0.058763,0.012682,-0.340459
0.153796,4.340986,0.771686,-0.015396,-0.010932,0.999805,0.005863,0.197810,-0.015028,0.581528,0.132233,-0.307470,-0.009554,-0.508597,-0.217681,-0.480177,0.955201,-0.154850,0.261800,-0.061759,-0.046471,0.254636,0.078059,0.362873,-0.035919,1.283129,0.142023,0.012171,0.124373,-0.064120,-0.189613,0.163019,0.940093,0.057310,0.012505,-0.338080
0.151956,4.361931,0.772147,-0.015496,-0.011013,0.999699,0.015510,0.205448,0.018869,0.594726,0.130576,-0.307299,-0.046693,-0.485992,-0.333587,-0.484059,0.933879,-0.170963,0.178489,-0.042744,-0.035246,0.248213,0.146126,0.334634,-0.016988,1.287306,0.142689,0.021962,0.122080,-0.072016,-0.205113,0.167389,0.946563,0.054049,0.011643,-0.339720
0.149158,4.384134,0.771986,-0.014721,-0.006302,0.999568,0.024665,0.215204,0.044193,0.602355,0.132392,-0.297333,-0.085177,-0.473153,-0.428480,-0.451014,0.875159,-0.154095,0.105455,-0.021646,-0.033945,0.242906,0.209886,0.306064,0.013744,1.274698,0.135736,0.021222,0.124482,-0.079500,-0.218552,0.177331,0.957884,0.042440,0.012010,-0.338936
0.145023,4.408024,0.771037,-0.013562,0.001415,0.999498,0.028596,0.225237,0.066096,0.593625,0.134687,-0.276778,-0.131913,-0.458114,-0.503242,-0.399346,0.777268,-0.104229,0.061884,-0.004869,-0.038049,0.235734,0.260193,0.280923,0.034074,1.264533,0.118876,0.016208,0.131811,-0.081453,-0.230727,0.194846,0.973894,0.012534,0.016225,-0.341447
0.140127,4.434534,0.769071,-0.013814,0.008928,0.999368,0.031526,0.226173,0.097836,0.577757,0.154533,-0.259601,-0.186200,-0.450431,-0.544984,-0.317247,0.662284,-0.046988,0.021935,0.013272,-0.043996,0.226653,0.293733,0.262168,0.043854,1.261748,0.115536,0.016200,0.137812,-0.080716,-0.241689,0.218498,0.989231,-0.015118,0.017164,-0.339239
0.134697,4.464669,0.766026,-0.014817,0.017553,0.999166,0.033771,0.211758,0.141108,0.560069,0.209742,-0.252434,-0.240803,-0.438511,-0.550194,-0.190422,0.534733,0.021383,0.047560,0.029344,-0.057507,0.218205,0.315467,0.251318,0.051478,1.259103,0.120237,0.015884,0.136092,-0.081279,-0.249736,0.250613,1.002401,-0.036302,0.014274,-0.338484
0.129367,4.498013,0.763582,-0.024509,0.023664,0.998901,0.032185,0.181725,0.185413,0.532186,0.239285,-0.222297,-0.261800,-0.460878,-0.518072,-0.014158,0.474841,0.100538,0.027290,0.038769,-0.070922,0.196989,0.319441,0.249810,0.055983,1.258988,0.118208,0.015089,0.133579,-0.082024,-0.251315,0.276227,1.011333,-0.059926,0.013002,-0.341855
0.122665,4.537296,0.760536,-0.030181,0.027228,0.998882,0.024125,0.168567,0.233944,0.498280,0.238090,-0.169561,-0.261800,-0.341718,-0.484798,0.021423,0.295113,0.112425,0.261800,0.034222,-0.090634,0.182855,0.314717,0.261357,0.066979,1.259899,0.123157,0.016532,0.128777,-0.081116,-0.240467,0.300153,1.020838,-0.069675,0.013266,-0.345203
0.116415,4.579746,0.760407,-0.041650,0.020470,0.998807,0.015207,0.143578,0.310269,0.476217,0.224328,-0.089794,-0.261800,-0.279925,-0.431024,-0.074259,0.222644,0.041271,0.261800,0.025974,-0.098201,0.164106,0.293208,0.281991,0.077046,1.258782,0.120427,0.015538,0.128756,-0.085119,-0.221579,0.321769,1.031552,-0.071916,0.016014,-0.344354
0.111181,4.621507,0.762989,0.055236,-0.015852,-0.998346,0.001767,0.110619,0.375951,0.449596,0.184922,0.024919,-0.261800,-0.296623,-0.386027,-0.152701,0.285078,-0.079664,0.261800,0.001469,-0.111062,0.148848,0.251658,0.306609,0.077096,1.255496,0.118938,0.013897,0.128731,-0.089549,-0.200565,0.330956,1.039124,-0.067212,0.015006,-0.345963
0.107277,4.664264,0.766850,0.059940,-0.003599,-0.998091,0.014442,0.037215,0.494622,0.452034,0.287194,0.059319,-0.261800,-0.313269,-0.315254,-0.210693,0.362969,-0.160343,0.216879,-0.015080,-0.112165,0.157958,0.192789,0.333336,0.065500,1.249092,0.127718,0.014124,0.132247,-0.096271,-0.180860,0.329702,1.041089,-0.051734,0.014204,-0.345208
0.105250,4.702537,0.768068,0.058359,0.002472,-0.997898,0.028077,-0.030051,0.585530,0.497561,0.447825,-0.038989,-0.127518,-0.323506,-0.263745,-0.249820,0.435058,-0.225799,0.158674,-0.038376,-0.115654,0.175086,0.124503,0.354052,0.031829,1.242488,0.133039,0.009478,0.137256,-0.103645,-0.173826,0.328002,1.042862,-0.028860,0.010490,-0.347228
0.102784,4.735165,0.769956,0.046197,0.001778,-0.998250,0.036877,0.008276,0.600181,0.576480,0.530342,-0.111889,-0.108075,-0.299903,-0.227578,-0.279453,0.472335,-0.269808,0.113418,-0.055583,-0.120552,0.204193,0.048908,0.359185,-0.018402,1.242531,0.141297,0.002722,0.152077,-0.097945,-0.178955,0.313137,1.034680,-0.017964,0.004405,-0.352530
0.099895,4.764946,0.771849,0.034531,0.004198,-0.998773,0.035261,0.052260,0.600118,0.625769,0.659938,-0.192190,-0.083302,-0.265049,-0.173471,-0.299472,0.465510,-0.288903,0.068222,-0.056857,-0.113105,0.226055,-0.026364,0.344872,-0.051370,1.233548,0.163434,0.003275,0.163795,-0.079686,-0.190995,0.287328,1.019145,-0.006638,0.000523,-0.354288
0.097389,4.791632,0.773003,0.027872,0.005077,-0.999063,0.032715,0.070873,0.557429,0.622938,0.796161,-0.246614,-0.081963,-0.242310,-0.125886,-0.309933,0.454007,-0.300025,0.030628,-0.063422,-0.104266,0.236164,-0.092340,0.316631,-0.063671,1.200661,0.185075,0.005086,0.166456,-0.057962,-0.206921,0.260601,1.009693,0.019981,-0.008493,-0.354098
0.096027,4.815690,0.773500,0.025633,0.001244,-0.999063,0.034848,0.051613,0.425829,0.530305,0.878499,-0.241239,-0.164476,-0.237818,-0.099477,-0.318995,0.459722,-0.311354,0.003774,-0.082999,-0.100920,0.239532,-0.153721,0.285177,-0.083264,1.151763,0.193854,-0.003689,0.169532,-0.033645,-0.220890,0.223742,1.003241,0.027530,-0.005609,-0.353901
0.095958,4.837602,0.773572,0.027973,-0.009496,-0.998723,0.040980,0.026903,0.210441,0.420413,0.876434,-0.184249,-0.261800,-0.257555,-0.099379,-0.328007,0.493544,-0.328327,-0.025696,-0.113017,-0.109409,0.233187,-0.215268,0.258800,-0.115332,1.111655,0.212570,-0.024342,0.178522,-0.005314,-0.229056,0.184135,0.996906,0.037856,-0.001619,-0.354217
0.096984,4.857665,0.773037,0.031087,-0.020682,-0.998135,0.048300,0.025972,-0.020137,0.347782,0.797999,-0.125029,-0.261800,-0.285562,-0.106893,-0.336454,0.538178,-0.342413,-0.049170,-0.147537,-0.118404,0.222868,-0.280227,0.239082,-0.151603,1.096901,0.223447,-0.043954,0.190412,0.020540,-0.232592,0.158694,0.999488,0.056489,-0.000161,-0.355761
0.098697,4.877858,0.771928,0.033616,-0.020319,-0.997882,0.051849,0.050441,-0.190336,0.304695,0.664867,-0.082399,-0.261800,-0.311613,-0.085289,-0.347855,0.570512,-0.330936,-0.069396,-0.173335,-0.105740,0.215835,-0.346979,0.225828,-0.185108,1.097810,0.229997,-0.043716,0.187158,0.045204,-0.233196,0.145420,1.003164,0.070616,0.003080,-0.349991
0.102210,4.898999,0.770869,0.038273,-0.010654,-0.997635,0.056087,0.084123,-0.273631,0.306929,0.501948,-0.027187,-0.261800,-0.340304,-0.043561,-0.372770,0.585666,-0.292324,-0.089825,-0.198251,-0.076240,0.211641,-0.411102,0.222630,-0.212164,1.105681,0.248683,-0.039492,0.175393,0.065420,-0.230747,0.146424,1.006565,0.068038,0.011140,-0.341662
0.106866,4.922637,0.770016,0.042088,0.009090,-0.997161,0.061767,0.113161,-0.278288,0.333153,0.343488,0.056623,-0.261800,-0.353511,0.026494,-0.414799,0.557845,-0.226617,-0.114046,-0.216609,-0.034358,0.214182,-0.472489,0.233028,-0.246743,1.121536,0.241197,-0.043151,0.167916,0.084781,-0.218873,0.150541,1.016628,0.054785,0.011968,-0.326951
0.111734,4.949866,0.770275,0.037693,0.027075,-0.997241,0.057942,0.077304,-0.204978,0.411614,0.377346,0.008690,-0.144979,-0.348158,0.109995,-0.435985,0.510887,-0.135509,-0.131072,-0.209927,-0.011987,0.232710,-0.522878,0.258412,-0.270525,1.134649,0.238389,-0.044415,0.166358,0.096248,-0.195256,0.159276,1.037427,0.035281,0.018182,-0.319878
0.120312,4.976584,0.766975,0.040509,0.036065,-0.996971,0.055750,0.077311,-0.150051,0.553548,0.392527,-0.134767,0.112939,-0.412593,0.143728,-0.461348,0.565832,-0.048791,-0.129200,-0.203302,-0.012790,0.233009,-0.564339,0.294791,-0.281976,1.146248,0.226223,-0.045792,0.161739,0.097535,-0.165620,0.177031,1.068097,0.034740,0.018641,-0.317743
0.129571,5.002242,0.765373,0.036131,0.036985,-0.997642,0.045125,0.134321,-0.150236,0.612245,0.274769,-0.196993,0.111632,-0.499967,0.169941,-0.410341,0.664938,0.088001,-0.063312,-0.184727,-0.033477,0.247930,-0.582573,0.339020,-0.276263,1.141879,0.196895,-0.051927,0.160731,0.083926,-0.139565,0.205785,1.102922,0.030421,0.019929,-0.324666
0.138364,5.026312,0.763217,0.032486,0.035047,-0.998344,0.032036,0.168793,-0.153089,0.609013,0.181248,-0.236333,0.098244,-0.578435,0.239504,-0.247772,0.711351,0.232932,0.254662,-0.166520,-0.056380,0.258118,-0.575465,0.388359,-0.259912,1.131307,0.166260,-0.056389,0.159516,0.068506,-0.119632,0.231686,1.126317,0.016308,0.020962,-0.331142
0.145374,5.051249,0.759674,0.024818,0.037515,-0.998961,0.007374,0.175923,-0.112561,0.646747,0.190183,-0.303466,0.072493,-0.558168,0.217191,-0.334982,0.683909,0.325645,0.261800,-0.128244,-0.067370,0.271745,-0.541505,0.434465,-0.232645,1.121705,0.150802,-0.058195,0.164086,0.059524,-0.109805,0.251604,1.130036,0.006547,0.016526,-0.342054
0.149700,5.071123,0.758074,-0.015983,-0.035493,0.999220,0.006624,0.208656,-0.102316,0.683684,0.150439,-0.327917,0.061044,-0.549372,0.156471,-0.384658,0.718724,0.201743,0.261800,-0.109368,-0.078418,0.282704,-0.480344,0.467603,-0.194326,1.113975,0.154219,-0.055545,0.180089,0.056737,-0.111717,0.262828,1.123223,0.002116,0.010621,-0.348038
0.152394,5.088686,0.759248,-0.012080,-0.036459,0.999123,0.016670,0.217277,-0.073546,0.710423,0.149554,-0.346523,0.043899,-0.536734,0.091747,-0.414975,0.721133,0.082443,0.261800,-0.093807,-0.076372,0.284499,-0.403528,0.480757,-0.146420,1.111702,0.153355,-0.045643,0.188679,0.054968,-0.121256,0.264310,1.117443,-0.006276,0.009544,-0.350888
0.153394,5.104383,0.762235,-0.009254,-0.035587,0.999037,0.023931,0.224890,-0.048915,0.718284,0.148733,-0.342724,0.017351,-0.520087,0.011743,-0.408379,0.713367,-0.019374,0.261800,-0.081741,-0.072881,0.284198,-0.314714,0.479486,-0.099597,1.113417,0.143221,-0.039113,0.180334,0.051589,-0.136141,0.259801,1.114764,-0.001381,0.010177,-0.355904
0.152782,5.119092,0.765427,-0.008066,-0.032889,0.998955,0.030708,0.232582,-0.031467,0.727456,0.143313,-0.328620,-0.010508,-0.490705,-0.099701,-0.430786,0.695071,-0.077289,0.261800,-0.071786,-0.069753,0.278088,-0.219108,0.469805,-0.064430,1.125088,0.128597,-0.036014,0.160907,0.045465,-0.152879,0.255214,1.117790,0.011775,0.010231,-0.357165
0.150369,5.133911,0.767838,-0.006840,-0.030804,0.998808,0.037239,0.244620,-0.014300,0.737766,0.135556,-0.316923,-0.037485,-0.447433,-0.214649,-0.475811,0.656886,-0.098539,0.261800,-0.062819,-0.063620,0.269102,-0.122669,0.455601,-0.044925,1.149527,0.105578,-0.030370,0.139984,0.040504,-0.169218,0.249139,1.119144,0.016697,0.013642,-0.350711
0.146823,5.149314,0.769380,-0.004095,-0.027628,0.998668,0.043395,0.261223,0.000626,0.744538,0.129989,-0.307805,-0.060894,-0.407916,-0.315742,-0.492908,0.613029,-0.068228,0.261800,-0.049857,-0.059458,0.262260,-0.038215,0.436794,-0.031920,1.188077,0.078024,-0.018221,0.121568,0.039464,-0.184524,0.242400,1.113295,0.016241,0.013959,-0.343770
0.142106,5.165718,0.770065,-0.002365,-0.022349,0.998624,0.047373,0.275738,0.012574,0.742291,0.126364,-0.296281,-0.089005,-0.391480,-0.400198,-0.459296,0.578950,0.011375,0.233802,-0.034513,-0.059487,0.252303,0.032297,0.412823,-0.001560,1.234761,0.061880,-0.002419,0.110445,0.042967,-0.197722,0.237127,1.105609,0.014200,0.012942,-0.343337
0.137023,5.183680,0.770005,-0.006172,-0.018199,0.998340,0.054299,0.279390,0.031038,0.743071,0.125443,-0.286962,-0.122318,-0.405427,-0.458440,-0.398120,0.553203,0.107639,0.154308,-0.012485,-0.056523,0.231931,0.092858,0.386617,0.044155,1.273920,0.044247,0.020077,0.107794,0.045954,-0.208285,0.231877,1.099236,0.004540,0.013951,-0.341348
0.130979,5.203017,0.768801,-0.009589,-0.013917,0.998096,0.059311,0.286715,0.050775,0.745206,0.122638,-0.280168,-0.157875,-0.416721,-0.489363,-0.308555,0.521828,0.163713,0.126547,0.005105,-0.055342,0.212716,0.149015,0.361627,0.094566,1.295836,0.022793,0.032873,0.114573,0.046302,-0.217097,0.231745,1.097214,-0.007175,0.015936,-0.338299
0.124097,5.224631,0.766671,-0.011592,-0.007699,0.998084,0.060284,0.297529,0.069531,0.746020,0.120225,-0.272261,-0.192313,-0.399193,-0.487405,-0.180596,0.452655,0.191082,0.180119,0.014016,-0.060548,0.196808,0.200618,0.340793,0.140716,1.299557,0.008569,0.033949,0.115457,0.045970,-0.221681,0.231350,1.096614,-0.012030,0.017755,-0.336025
0.116874,5.248456,0.764926,-0.015080,-0.002308,0.998140,0.059027,0.303671,0.095200,0.743152,0.119958,-0.256785,-0.231804,-0.395287,-0.463816,-0.017339,0.421907,0.208608,0.161809,0.019353,-0.066628,0.180553,0.239693,0.325420,0.168355,1.291469,-0.003284,0.033147,0.114501,0.045314,-0.220999,0.228379,1.096514,-0.013798,0.016306,-0.336941
0.108401,5.276605,0.762407,-0.015220,0.004777,0.998475,0.052850,0.315350,0.123061,0.727185,0.119579,-0.232798,-0.261800,-0.300247,-0.452297,0.053745,0.295733,0.182379,0.261800,0.020934,-0.082979,0.168458,0.265086,0.321026,0.176059,1.282127,-0.005542,0.028988,0.112058,0.052462,-0.211720,0.224537,1.094982,-0.013392,0.017945,-0.338315
0.099690,5.307863,0.760854,-0.019435,0.008283,0.998813,0.043890,0.312806,0.162327,0.697194,0.117885,-0.194831,-0.261800,-0.197334,-0.429553,0.055346,0.149081,0.155579,0.261800,0.020921,-0.097382,0.150184,0.271901,0.325373,0.177165,1.271452,0.003060,0.026973,0.108263,0.060078,-0.195106,0.225865,1.098030,-0.015949,0.018841,-0.337440
0.091091,5.338706,0.761026,-0.026970,0.009533,0.999044,0.033056,0.299632,0.207057,0.665885,0.114098,-0.141150,-0.261800,-0.156316,-0.402249,0.020696,0.117727,0.067424,0.261800,0.017002,-0.107831,0.129584,0.262987,0.329959,0.178971,1.253300,0.018165,0.023299,0.110275,0.059819,-0.179551,0.243390,1.109536,-0.011758,0.017974,-0.332163
0.082809,5.368602,0.763156,-0.035316,0.005993,0.999088,0.023254,0.279844,0.265116,0.640814,0.118532,-0.076755,-0.261800,-0.135616,-0.360172,-0.033077,0.116712,-0.019614,0.261800,0.009488,-0.107161,0.110114,0.246843,0.326952,0.186805,1.222918,0.034832,0.019280,0.113466,0.049616,-0.169428,0.274531,1.128848,-0.009917,0.020612,-0.323882
0.075757,5.397870,0.765649,-0.038913,0.000732,0.999081,0.017980,0.239000,0.349815,0.621263,0.204539,-0.046863,-0.261800,-0.116431,-0.310715,-0.075629,0.117115,-0.080794,0.261800,0.003840,-0.103015,0.105092,0.230389,0.315365,0.198061,1.173776,0.062303,0.011933,0.114970,0.030392,-0.165012,0.306044,1.142070,-0.007101,0.026336,-0.315142
0.069302,5.426625,0.768012,-0.034003,-0.010785,0.999271,0.013590,0.195163,0.464543,0.606519,0.343387,-0.043751,-0.261800,-0.082368,-0.246993,-0.110889,0.117167,-0.120879,0.261800,-0.004048,-0.086853,0.119180,0.210829,0.302446,0.193019,1.124440,0.094878,-0.001914,0.118220,0.006539,-0.166942,0.339901,1.144727,-0.003682,0.029538,-0.318951
0.063647,5.453415,0.769556,-0.023849,-0.024313,0.999360,0.010962,0.157583,0.586079,0.609081,0.498333,-0.062424,-0.233374,-0.042153,-0.177862,-0.130712,0.116138,-0.148722,0.245710,-0.005599,-0.066758,0.143555,0.176148,0.292408,0.166971,1.095762,0.120806,-0.014627,0.129583,-0.012974,-0.174197,0.352231,1.131097,-0.013432,0.029399,-0.326561
0.059819,5.474898,0.771481,-0.021278,-0.027729,0.999348,0.009107,0.117453,0.638891,0.612467,0.597287,-0.120590,-0.133225,-0.026813,-0.137747,-0.140100,0.116712,-0.166242,0.220357,-0.011380,-0.059834,0.154008,0.133608,0.275892,0.135895,1.079396,0.164550,-0.011124,0.139086,-0.028392,-0.188224,0.336117,1.099250,-0.026995,0.031748,-0.331463
0.056381,5.492851,0.773221,-0.014935,-0.028312,0.999417,0.011834,0.088264,0.628551,0.559201,0.652366,-0.188728,-0.114527,-0.007537,-0.106540,-0.140213,0.117861,-0.181416,0.191833,-0.009768,-0.054085,0.171962,0.094540,0.255573,0.105937,1.063169,0.212791,-0.004652,0.131698,-0.041043,-0.209536,0.316489,1.062562,-0.022666,0.026344,-0.338884
0.053286,5.507374,0.775230,-0.006355,-0.025495,0.999569,0.013089,0.060379,0.573865,0.484700,0.682941,-0.229158,-0.137853,0.016581,-0.089040,-0.138834,0.119144,-0.192507,0.165300,-0.009556,-0.051215,0.193878,0.056413,0.235855,0.072917,1.053916,0.242210,-0.008767,0.130235,-0.051151,-0.233780,0.293116,1.030041,-0.016509,0.021836,-0.347221
0.051013,5.519054,0.776978,-0.003006,-0.022060,0.999683,0.011765,0.008213,0.483958,0.375291,0.700193,-0.259517,-0.168571,0.028549,-0.078390,-0.139653,0.120028,-0.199937,0.147472,-0.015828,-0.047220,0.205608,0.020738,0.217330,0.045590,1.044550,0.254885,-0.007059,0.134177,-0.060726,-0.256117,0.267090,1.004570,-0.016490,0.020491,-0.354152
0.048932,5.528097,0.778328,-0.000749,-0.018006,0.999789,0.009904,-0.037115,0.373868,0.273584,0.694028,-0.288778,-0.188266,0.037977,-0.073765,-0.141320,0.120817,-0.207054,0.134087,-0.022159,-0.042554,0.214644,-0.010785,0.200043,0.020477,1.035472,0.268194,-0.004992,0.143655,-0.067949,-0.276857,0.243817,0.985370,-0.011635,0.020252,-0.359394
0.046714,5.534833,0.779251,0.001229,-0.014878,0.999847,0.009171,-0.060417,0.267210,0.206740,0.646153,-0.305181,-0.205725,0.046339,-0.070354,-0.142059,0.121418,-0.213097,0.123177,-0.024234,-0.034383,0.222036,-0.037381,0.183974,-0.001410,1.028772,0.273628,-0.010061,0.146646,-0.070819,-0.296073,0.225139,0.972912,-0.005709,0.018912,-0.359699
0.044687,5.539466,0.779834,0.000238,-0.013207,0.999833,0.012620,-0.064367,0.172771,0.173729,0.544925,-0.299415,-0.222648,0.045550,-0.065898,-0.136389,0.121634,-0.216404,0.115843,-0.021208,-0.021930,0.223266,-0.057237,0.167329,-0.016554,1.021666,0.281756,-0.009310,0.149764,-0.074953,-0.313149,0.219117,0.972171,0.001276,0.018546,-0.361467
0.042392,5.543060,0.779789,-0.002654,-0.014046,0.999707,0.019511,-0.057496,0.117330,0.216430,0.433422,-0.302911,-0.148213,0.039313,-0.056118,-0.124897,0.121563,-0.217992,0.110651,-0.014268,-0.005805,0.219081,-0.067508,0.152269,-0.025526,1.013687,0.284928,-0.008418,0.151831,-0.078477,-0.325797,0.225891,0.980484,0.005437,0.020078,-0.358240
0.039237,5.546266,0.779811,-0.002973,-0.013635,0.999530,0.027308,-0.011745,0.134078,0.441242,0.354942,-0.313632,-0.045714,0.039860,-0.049852,-0.110234,0.121920,-0.220616,0.105953,-0.012094,0.001930,0.216353,-0.063894,0.143755,-0.031527,1.005844,0.284105,-0.014550,0.155314,-0.083718,-0.329720,0.246806,0.998679,0.011618,0.021712,-0.351908
0.035566,5.549125,0.779938,0.000623,-0.011919,0.999464,0.030484,0.037449,0.128898,0.520097,0.300295,-0.303051,-0.025532,0.052283,-0.048774,-0.102903,0.122484,-0.226622,0.102555,-0.019984,0.001367,0.218719,-0.056294,0.144353,-0.047776,1.005844,0.275882,-0.015808,0.156872,-0.083363,-0.322269,0.267595,1.015607,0.010773,0.027244,-0.344350
0.032446,5.551970,0.781077,0.001619,-0.007339,0.999582,0.027921,0.069737,0.108176,0.508968,0.231431,-0.257563,-0.053209,0.060232,-0.055150,-0.106324,0.123062,-0.231401,0.096683,-0.031717,-0.006738,0.215953,-0.057793,0.153595,-0.078751,1.029647,0.264672,-0.020085,0.153859,-0.067965,-0.300797,0.264042,1.021052,0.003516,0.030695,-0.342260
0.029465,5.554518,0.782187,-0.001660,-0.003771,0.999702,0.024079,0.090014,0.090850,0.492399,0.167931,-0.213461,-0.081424,0.058843,-0.059631,-0.113119,0.123473,-0.233883,0.086109,-0.040575,-0.013802,0.203678,-0.060788,0.163926,-0.102871,1.064690,0.261530,-0.014915,0.143808,-0.041352,-0.270478,0.252521,1.021739,0.004698,0.029231,-0.336750
0.026452,5.556122,0.783045,-0.005488,-0.002030,0.999780,0.020119,0.102696,0.078522,0.490764,0.122793,-0.191479,-0.084547,0.056163,-0.061520,-0.119531,0.123561,-0.233823,0.080198,-0.048340,-0.014975,0.190239,-0.058349,0.170217,-0.112150,1.095826,0.256919,-0.006302,0.137708,-0.016692,-0.243581,0.260278,1.031796,0.004308,0.025242,-0.325465
0.023313,5.557032,0.782665,-0.006270,-0.003208,0.999763,0.020612,0.110021,0.081431,0.498863,0.115831,-0.196107,-0.087445,0.058890,-0.056576,-0.117233,0.123666,-0.236163,0.075764,-0.046973,-0.008785,0.183714,-0.049293,0.171620,-0.109859,1.116017,0.244798,-0.002152,0.142538,0.000961,-0.227085,0.293427,1.053809,-0.002387,0.021312,-0.315982
0.019771,5.557556,0.781612,-0.003958,-0.003690,0.999730,0.022615,0.122568,0.083472,0.501163,0.115677,-0.204141,-0.094285,0.068907,-0.054099,-0.112387,0.124098,-0.244942,0.074039,-0.043160,-0.003081,0.182448,-0.032280,0.169478,-0.098559,1.120717,0.230362,-0.002501,0.146047,0.011846,-0.218177,0.338820,1.087463,-0.009561,0.020288,-0.312446
0.016674,5.558132,0.780892,-0.003890,-0.003181,0.999764,0.021148,0.126363,0.082473,0.493633,0.116228,-0.207804,-0.097860,0.074705,-0.054945,-0.115338,0.124491,-0.253671,0.073394,-0.042706,0.000591,0.177962,-0.015883,0.167464,-0.089745,1.121363,0.222866,-0.005676,0.144332,0.020712,-0.209387,0.370010,1.124885,-0.005143,0.022798,-0.311972
0.014585,5.559113,0.780983,-0.007491,-0.002726,0.999778,0.019526,0.119928,0.082400,0.491489,0.116591,-0.207054,-0.095436,0.070368,-0.054673,-0.118311,0.124551,-0.255316,0.072052,-0.041016,0.003605,0.168719,-0.003645,0.166600,-0.085919,1.127196,0.212511,-0.010202,0.143730,0.027216,-0.196999,0.375094,1.159808,0.014233,0.026550,-0.306949
0.012736,5.560686,0.781216,-0.009037,-0.002811,0.999762,0.019650,0.119037,0.085026,0.493692,0.116681,-0.206330,-0.093880,0.069519,-0.051702,-0.117312,0.124634,-0.255036,0.068131,-0.034628,0.005287,0.163566,0.007782,0.165445,-0.079897,1.134296,0.213473,-0.005467,0.143609,0.033634,-0.183626,0.367744,1.184835,0.036725,0.032960,-0.297537
0.011083,5.562216,0.781070,-0.007088,-0.002542,0.999773,0.019929,0.126315,0.086937,0.495526,0.116385,-0.205946,-0.096733,0.076575,-0.050054,-0.117077,0.124809,-0.258221,0.066702,-0.029538,0.004768,0.166137,0.020967,0.164578,-0.072353,1.137007,0.222724,0.001097,0.142898,0.037299,-0.173927,0.368870,1.197696,0.052949,0.033952,-0.293039
0.009390,5.563528,0.780749,-0.004402,-0.001856,0.999785,0.020175,0.135534,0.087349,0.497299,0.116084,-0.207190,-0.098951,0.085358,-0.049836,-0.117101,0.125099,-0.263105,0.065224,-0.026067,0.002277,0.169823,0.035724,0.165431,-0.070138,1.136727,0.204937,-0.006440,0.135864,0.038931,-0.169202,0.380260,1.196981,0.052522,0.033456,-0.296092
0.007462,5.564590,0.780437,-0.003284,-0.001911,0.999785,0.020389,0.141308,0.088933,0.498175,0.116007,-0.208993,-0.101701,0.090962,-0.048145,-0.117139,0.125246,-0.266746,0.063991,-0.025235,0.001363,0.169056,0.050433,0.165552,-0.067746,1.137715,0.200528,-0.007977,0.135957,0.040878,-0.167093,0.380522,1.182853,0.037851,0.034048,-0.297856
0.005140,5.565654,0.780200,-0.003430,-0.002392,0.999765,0.021265,0.144898,0.091408,0.499499,0.116197,-0.211466,-0.103195,0.093865,-0.045351,-0.115888,0.125350,-0.268916,0.062160,-0.024646,0.000741,0.164096,0.065846,0.163957,-0.061025,1.139152,0.200952,-0.006002,0.136991,0.042389,-0.165352,0.369168,1.160854,0.029592,0.033834,-0.298420
0.003235,5.566846,0.780022,-0.004017,-0.002374,0.999752,0.021781,0.146510,0.092920,0.499336,0.116408,-0.212322,-0.105078,0.095256,-0.043506,-0.115573,0.125442,-0.271313,0.060881,-0.023527,-0.001686,0.159703,0.077215,0.161487,-0.053728,1.142354,0.199908,-0.003964,0.138405,0.041652,-0.163720,0.353945,1.137475,0.016446,0.032323,-0.302641
0.001500,5.568143,0.779881,-0.003977,-0.002192,0.999778,0.020554,0.148503,0.094246,0.496341,0.116576,-0.212665,-0.107803,0.098589,-0.042125,-0.117762,0.125568,-0.274000,0.058575,-0.023648,-0.004534,0.157304,0.084044,0.160298,-0.050545,1.145403,0.201455,-0.000922,0.134063,0.039394,-0.161904,0.338038,1.114645,0.010199,0.031460,-0.310688
0.000010,5.569170,0.779683,-0.002920,-0.001913,0.999816,0.018886,0.152390,0.094942,0.493747,0.116603,-0.213444,-0.108647,0.104111,-0.041670,-0.120686,0.125696,-0.276866,0.058127,-0.023182,-0.007438,0.157598,0.087692,0.159883,-0.051413,1.147234,0.200053,-0.003124,0.132805,0.033444,-0.161116,0.330455,1.098983,0.008023,0.030441,-0.317259
-0.001269,5.570076,0.779511,-0.001780,-0.001706,0.999851,0.017101,0.156181,0.095727,0.491722,0.116539,-0.213944,-0.110525,0.109547,-0.041358,-0.124557,0.125785,-0.279664,0.057881,-0.020606,-0.010291,0.158742,0.088848,0.159148,-0.049568,1.144728,0.196481,-0.002714,0.133677,0.026004,-0.160994,0.328840,1.088310,0.003739,0.029933,-0.319357
-0.001857,5.570539,0.779419,-0.001189,-0.001496,0.999830,0.018314,0.159231,0.095980,0.495414,0.116304,-0.213957,-0.110481,0.111350,-0.040948,-0.122416,0.125850,-0.280591,0.057423,-0.012611,-0.011696,0.160356,0.088382,0.155711,-0.043058,1.135660,0.197567,-0.000483,0.136394,0.015279,-0.162428,0.331966,1.082216,-0.000684,0.029735,-0.320587
-0.003166,5.571150,0.779315,-0.000484,-0.001460,0.999837,0.018009,0.162651,0.096705,0.494977,0.116436,-0.214430,-0.110689,0.115112,-0.040033,-0.122585,0.125981,-0.281978,0.055735,-0.007596,-0.012889,0.159329,0.091245,0.153085,-0.038653,1.123249,0.202911,-0.002300,0.136815,0.008705,-0.164030,0.337376,1.076337,-0.002254,0.031017,-0.321310
-0.003939,5.571640,0.779217,0.000973,-0.001756,0.999801,0.019842,0.168153,0.098165,0.498313,0.116366,-0.215165,-0.111685,0.118883,-0.038208,-0.118519,0.126079,-0.282088,0.053562,-0.000575,-0.013159,0.161221,0.093302,0.150402,-0.034209,1.110413,0.206283,-0.004771,0.137615,0.000655,-0.164873,0.341079,1.073006,-0.009641,0.031590,-0.320429
-0.004938,5.571806,0.778979,0.001971,-0.001859,0.999800,0.019821,0.172073,0.098395,0.498058,0.116388,-0.217260,-0.112906,0.122762,-0.037901,-0.119170,0.126123,-0.284286,0.054399,0.001531,-0.013348,0.161178,0.095479,0.148049,-0.031723,1.098436,0.203016,-0.006127,0.137510,-0.005671,-0.165116,0.342554,1.071048,-0.011295,0.032046,-0.319850
-0.005662,5.571800,0.778777,0.002356,-0.002175,0.999806,0.019459,0.173984,0.099108,0.497457,0.116446,-0.219263,-0.113664,0.124965,-0.037168,-0.119637,0.126187,-0.285655,0.053648,0.002020,-0.012807,0.160961,0.095748,0.146602,-0.030684,1.090378,0.204672,-0.007055,0.139938,-0.010559,-0.164747,0.341487,1.069536,-0.011167,0.030788,-0.320579
-0.006249,5.571830,0.778587,0.002697,-0.002308,0.999810,0.019180,0.175561,0.099319,0.496898,0.116442,-0.220704,-0.113631,0.126792,-0.036804,-0.119957,0.126205,-0.287138,0.054341,0.001559,-0.012615,0.161118,0.094422,0.146032,-0.029814,1.088140,0.203697,-0.007901,0.138814,-0.015190,-0.163004,0.338818,1.070101,-0.008727,0.031953,-0.322560
-0.006675,5.571718,0.778482,0.002907,-0.002211,0.999818,0.018709,0.176543,0.098979,0.496770,0.116511,-0.221396,-0.112321,0.128121,-0.037285,-0.120654,0.126252,-0.288106,0.054923,0.000141,-0.013106,0.161238,0.091285,0.146621,-0.030555,1.091486,0.204358,-0.009239,0.138882,-0.019022,-0.160988,0.338950,1.073879,-0.006738,0.030596,-0.322367
-0.007031,5.571424,0.778391,0.003218,-0.002388,0.999812,0.018975,0.177996,0.098850,0.497009,0.116413,-0.222497,-0.113848,0.129284,-0.037219,-0.120009,0.126273,-0.288611,0.054894,-0.000579,-0.012759,0.161482,0.087797,0.147923,-0.032439,1.096605,0.203990,-0.007867,0.138940,-0.022268,-0.158673,0.341370,1.081111,-0.007414,0.031121,-0.321655
-0.007313,5.570978,0.778315,0.003665,-0.002477,0.999792,0.019900,0.179983,0.098303,0.498987,0.116393,-0.223247,-0.111837,0.130357,-0.037601,-0.118174,0.126298,-0.288940,0.055492,-0.000130,-0.012700,0.161460,0.085382,0.149120,-0.032552,1.100014,0.204621,-0.007505,0.139859,-0.023961,-0.157500,0.349767,1.088692,-0.002903,0.031523,-0.320092
-0.007575,5.570665,0.778196,0.004699,-0.002935,0.999763,0.021031,0.183447,0.098823,0.500778,0.116286,-0.224618,-0.113305,0.132819,-0.036967,-0.116456,0.126366,-0.289109,0.054274,-0.000068,-0.011766,0.162773,0.084297,0.150119,-0.031647,1.100607,0.202503,-0.006094,0.139773,-0.023979,-0.156767,0.356069,1.095899,0.002197,0.031821,-0.317212
-0.007769,5.570131,0.778093,0.005161,-0.003018,0.999739,0.022069,0.185408,0.098103,0.502761,0.116146,-0.225824,-0.112989,0.133723,-0.037552,-0.114600,0.126342,-0.289749,0.056542,0.000706,-0.011518,0.162820,0.083628,0.150990,-0.031126,1.100291,0.202023,-0.007661,0.140724,-0.021797,-0.155829,0.359298,1.102406,0.003718,0.034478,-0.315674
-0.007864,5.569628,0.778050,0.005332,-0.003197,0.999717,0.022968,0.186549,0.097783,0.504671,0.116014,-0.226562,-0.113009,0.133867,-0.037791,-0.112809,0.126353,-0.289454,0.056743,0.000758,-0.011081,0.162347,0.083439,0.151803,-0.029840,1.098859,0.202496,-0.007490,0.140510,-0.018874,-0.154804,0.361188,1.109644,0.005114,0.034046,-0.313581
-0.007984,5.569049,0.778008,0.005164,-0.003215,0.999720,0.022862,0.186271,0.096938,0.504788,0.116070,-0.227222,-0.110842,0.133639,-0.038605,-0.112698,0.126377,-0.289448,0.057185,-0.000580,-0.010904,0.160906,0.082787,0.152166,-0.029341,1.099177,0.202919,-0.007086,0.141122,-0.014946,-0.154277,0.363410,1.116352,0.005531,0.035499,-0.311763
-0.008011,5.568478,0.777949,0.005361,-0.003457,0.999704,0.023457,0.187142,0.096576,0.505817,0.115956,-0.228302,-0.111644,0.133869,-0.038902,-0.111822,0.126341,-0.289421,0.058603,-0.001238,-0.010455,0.160459,0.081638,0.152611,-0.030190,1.101066,0.202101,-0.007090,0.140363,-0.011620,-0.153874,0.367562,1.124184,0.008441,0.036271,-0.310921
-0.008194,5.567860,0.777885,0.005558,-0.003562,0.999715,0.022943,0.187594,0.095785,0.504704,0.116052,-0.229242,-0.110526,0.134806,-0.039721,-0.112505,0.126355,-0.289430,0.059062,-0.003122,-0.010296,0.159541,0.080865,0.152795,-0.031229,1.102619,0.201541,-0.006200,0.139116,-0.006944,-0.153914,0.370241,1.131012,0.010919,0.036529,-0.308749
-0.008161,5.567270,0.777815,0.005746,-0.003665,0.999704,0.023344,0.188181,0.095041,0.505277,0.116015,-0.230069,-0.109982,0.134945,-0.040424,-0.111957,0.126354,-0.289563,0.060232,-0.003229,-0.009962,0.159398,0.079757,0.152734,-0.031781,1.103606,0.198890,-0.005693,0.138826,-0.003153,-0.154006,0.371419,1.137087,0.012253,0.037447,-0.307378
-0.008101,5.566748,0.777781,0.006020,-0.003843,0.999686,0.024034,0.189180,0.094670,0.506885,0.115932,-0.230722,-0.109253,0.135179,-0.040663,-0.110453,0.126396,-0.289286,0.059948,-0.002369,-0.009718,0.159393,0.079222,0.152336,-0.031407,1.103505,0.199903,-0.006356,0.137935,0.000496,-0.154195,0.371401,1.142303,0.014614,0.037192,-0.304465
